ID,Translation-Indonesia
B7,K54798
B7,K61306
B13,K56476
B13,K3655
B16,K26845
B16,K33
B18,K48883
B21,K23618
B21,K48510
B21,K3707
B24,K144
B25,K67100
B26,K13976
B26,K48565
B29,K61931
B29,K64881
B35,K19137
B40,K25238
B40,K2999
B40,K47436
B40,K65988
B40,K47251
B40,K236
B48,K205
B49,K205
B51,K19137
B51,K66817
B51,K19150
B52,K19137
B52,K66817
B52,K19150
B54,K25773
B54,K64604
B54,K33102
B54,K3944
B57,K57304
B57,K13932
B59,K572
B59,K64316
B59,K2313
B62,K4133
B63,K14952
B63,K67792
B63,K61847
B67,K64330
B67,K71568
B68,K71569
B73,K58948
B74,K34038
B76,K45277
B78,K61264
B79,K69140
B84,K2460
B87,K2298
B94,K67972
B97,K60054
B99,K1427
B100,K29086
B101,K2313
B103,K3327
B103,K11893
B104,K1998
B104,K327
B108,K23684
B108,K65883
B108,K1427
B110,K17555
B111,K65128
B112,K716
B112,K46887
B112,K9929
B118,K54435
B120,K60106
B120,K24443
B120,K3661
B122,K68806
B122,K71569
B122,K13700
B122,K48329
B124,K49727
B125,K1058
B126,K24443
B126,K3662
B127,K65680
B127,K30658
B127,K56933
B129,K22668
B132,K57052
B132,K55923
B132,K49122
B135,K19779
B138,K71996
B139,K59010
B139,K66595
B143,K66417
B149,K21089
B149,K52021
B155,K33906
B155,K4768
B156,K4768
B160,K2795
B160,K31035
B160,K59145
B160,K32706
B163,K33785
B173,K31711
B176,K1873
B179,K45965
B183,K60280
B187,K338
B187,K31534
B188,K338
B188,K31534
B191,K22480
B193,K71053
B193,K54969
B195,K4283
B199,K68925
B202,K4283
B202,K3190
B212,K67636
B212,K67373
B214,K70708
B217,K39999
B219,K69261
B227,K19340
B227,K11780
B227,K64931
B238,K20339
B239,K67345
B256,K1483
B257,K62498
B257,K61720
B263,K32820
B264,K9824
B266,K3863
B275,K68925
B275,K68048
B281,K4969
B296,K59448
B296,K22480
B298,K48884
B300,K11041
B303,K15824
B309,K59542
B327,K1332
B338,K68665
B338,K61923
B339,K24279
B339,K9854
B347,K12806
B348,K28279
B349,K40475
B349,K59466
B353,K66392
B356,K5859
B356,K31828
B356,K1219
B356,K4844
B359,K65688
B359,K57345
B362,K65416
B368,K21710
B370,K4133
B372,K277
B373,K277
B374,K296
B375,K61264
B379,K23784
B382,K66921
B383,K12474
B384,K65687
B385,K70403
B387,K1867
B390,K2296
B390,K1490
B390,K4709
B392,K49063
B392,K60344
B396,K28547
B396,K70972
B396,K744
B396,K69140
B398,K54
B398,K23697
B400,K327
B400,K33125
B400,K33108
B402,K46845
B403,K31007
B403,K57032
B410,K47826
B410,K65358
B413,K1021
B420,K71606
B420,K19621
B424,K65610
B424,K4101
B425,K43211
B428,K21390
B434,K10726
B434,K58895
B434,K4990
B436,K46845
B441,K69140
B441,K46417
B441,K21946
B441,K59009
B444,K2792
B447,K30924
B449,K25970
B449,K23729
B460,K2042
B465,K22177
B466,K413
B473,K68982
B473,K67792
B473,K413
B479,K19279
B479,K49727
B484,K70500
B489,K66235
B492,K21946
B498,K62126
B498,K2075
B499,K56375
B499,K5433
B507,K48447
B510,K31349
B514,K344
B516,K22571
B519,K64326
B519,K4904
B519,K19431
B519,K45655
B519,K11608
B519,K34322
B519,K45978
B519,K59587
B522,K20016
B524,K2350
B525,K11952
B526,K4992
B526,K19435
B529,K19880
B529,K10726
B534,K19880
B535,K71080
B536,K709
B536,K70788
B540,K32777
B542,K68848
B542,K20573
B547,K23684
B548,K59070
B548,K61359
B548,K47563
B551,K33591
B551,K19462
B551,K6745
B551,K66093
B554,K19500
B556,K62591
B557,K62591
B565,K33293
B568,K33108
B568,K33125
B573,K6742
B573,K19450
B576,K26458
B576,K60280
B579,K27528
B582,K19579
B582,K6745
B590,K66944
B590,K27658
B599,K54969
B599,K71053
B600,K64381
B600,K9703
B600,K33777
B600,K427
B605,K2668
B605,K64211
B605,K3122
B605,K22940
B606,K47251
B606,K19462
B607,K4133
B607,K1782
B607,K1832
B607,K1782
B609,K59777
B612,K20573
B613,K31035
B613,K4844
B618,K2674
B619,K2835
B621,K57758
B624,K2068
B628,K1770
B633,K2942
B634,K10736
B634,K71996
B635,K19663
B635,K53515
B642,K2313
B644,K46441
B644,K4374
B644,K1779
B647,K57109
B651,K60054
B653,K30358
B653,K13386
B657,K19433
B661,K60557
B663,K3257
B664,K71996
B664,K13090
B664,K62017
B665,K46382
B674,K3318
B676,K19555
B680,K25984
B680,K66954
B681,K4851
B682,K12939
B682,K14481
B686,K46334
B686,K30311
B686,K64018
B686,K59192
B686,K59316
B686,K30311
B689,K9844
B690,K9844
B694,K11608
B694,K3487
B694,K21199
B694,K45978
B694,K1865
B695,K11608
B695,K3487
B695,K21199
B695,K45978
B695,K1865
B699,K13025
B699,K58659
B699,K3677
B700,K60894
B700,K57284
B701,K6846
B701,K3468
B704,K15843
B704,K68812
B704,K49538
B704,K2494
B707,K68945
B713,K49727
B716,K4266
B718,K9844
B718,K10624
B721,K35844
B723,K65773
B730,K48798
B731,K2023
B733,K3685
B737,K57725
B737,K5096
B743,K52954
B746,K3707
B746,K48510
B747,K12229
B751,K10284
B752,K10284
B753,K1993
B753,K5234
B757,K62431
B758,K5023
B758,K30161
B760,K4925
B760,K9727
B761,K65652
B762,K10130
B762,K5056
B763,K18524
B763,K56375
B763,K4246
B763,K10253
B767,K3933
B768,K9550
B768,K65387
B768,K17522
B776,K71100
B776,K43142
B776,K49577
B776,K1219
B777,K60015
B781,K19779
B781,K22454
B782,K33985
B790,K1167
B793,K24005
B796,K52029
B796,K5059
B796,K45845
B800,K4538
B802,K10965
B804,K3947
B807,K9550
B812,K18958
B815,K11036
B815,K4012
B816,K14147
B819,K50794
B819,K49592
B823,K5263
B824,K5263
B825,K68324
B826,K68324
B835,K27528
B855,K65958
B855,K9749
B855,K55189
B858,K4138
B866,K30756
B867,K68996
B869,K62700
B869,K64819
B869,K26002
B869,K236
B870,K15938
B870,K60322
B870,K64336
B873,K4156
B876,K22286
B880,K4166
B880,K64128
B883,K13922
B883,K24022
B888,K60280
B889,K4228
B894,K5437
B894,K1055
B895,K9549
B895,K21687
B896,K12613
B896,K55983
B898,K4748
B898,K4748
B900,K19433
B903,K19180
B903,K62762
B904,K12509
B904,K24085
B904,K29196
B906,K21916
B909,K4316
B911,K11328
B912,K5632
B912,K59628
B912,K34117
B914,K35696
B915,K12486
B915,K63194
B918,K24624
B918,K20573
B918,K4481
B920,K60172
B920,K60158
B920,K3966
B927,K4410
B928,K6913
B928,K2589
B929,K27828
B933,K30304
B933,K10169
B936,K65704
B941,K4450
B943,K9394
B946,K4127
B952,K5363
B955,K57047
B955,K46474
B955,K3672
B961,K58905
B961,K56375
B961,K19286
B967,K15062
B967,K5117
B968,K19339
B968,K14984
B971,K12640
B974,K11495
B975,K4514
B976,K54798
B979,K50299
B981,K58684
B986,K4979
B990,K4577
B990,K9830
B991,K4698
B992,K2288
B998,K63468
B998,K12558
B1002,K62436
B1002,K30977
B1006,K49410
B1009,K26818
B1012,K57731
B1017,K13783
B1019,K19405
B1019,K62362
B1026,K23802
B1032,K31151
B1042,K64795
B1042,K66396
B1042,K65024
B1043,K64795
B1043,K66396
B1043,K65024
B1047,K5335
B1051,K4796
B1051,K48481
B1051,K12677
B1051,K5455
B1060,K32673
B1060,K48803
B1078,K3266
B1078,K34451
B1081,K4374
B1081,K46441
B1082,K30200
B1084,K56955
B1084,K24111
B1092,K2068
B1094,K65197
B1095,K10444
B1095,K5237
B1095,K46168
B1098,K1283
B1099,K4818
B1099,K41857
B1099,K43008
B1099,K4141
B1100,K9751
B1100,K55082
B1100,K67070
B1102,K17278
B1102,K2518
B1102,K9824
B1102,K12176
B1104,K33241
B1104,K31814
B1104,K31482
B1104,K33143
B1106,K45812
B1114,K9830
B1114,K11258
B1115,K63379
B1115,K67878
B1116,K32380
B1116,K68045
B1118,K57779
B1118,K15784
B1119,K20166
B1121,K25392
B1121,K45837
B1121,K20019
B1124,K5070
B1131,K23942
B1135,K64316
B1135,K23805
B1136,K9942
B1140,K11039
B1141,K3677
B1141,K3298
B1147,K52990
B1158,K46411
B1158,K60701
B1161,K67337
B1170,K9995
B1185,K46080
B1187,K67070
B1187,K55082
B1193,K20150
B1195,K53622
B1201,K56816
B1201,K10141
B1208,K55114
B1209,K12179
B1209,K746
B1209,K9824
B1209,K2518
B1209,K4843
B1211,K51617
B1212,K9661
B1216,K10183
B1218,K4904
B1219,K50502
B1222,K4733
B1222,K2030
B1222,K10473
B1224,K26818
B1225,K11429
B1226,K4800
B1226,K65686
B1235,K67472
B1235,K44905
B1237,K34011
B1238,K46083
B1242,K61580
B1242,K4872
B1245,K22541
B1245,K33963
B1250,K4925
B1252,K31814
B1254,K71529
B1254,K46272
B1257,K9669
B1257,K67046
B1257,K40475
B1257,K37834
B1260,K10141
B1260,K34117
B1260,K10307
B1261,K29028
B1261,K24778
B1264,K9975
B1267,K4979
B1267,K10284
B1267,K49560
B1269,K33241
B1269,K9788
B1272,K5021
B1273,K59466
B1273,K59628
B1273,K31416
B1273,K10307
B1273,K10141
B1278,K57465
B1282,K33603
B1282,K5095
B1284,K20590
B1284,K62362
B1285,K5125
B1287,K35782
B1287,K67300
B1288,K23784
B1288,K2311
B1288,K22940
B1290,K9550
B1291,K67345
B1295,K11063
B1295,K54554
B1297,K32546
B1298,K10324
B1301,K54121
B1303,K55479
B1303,K48854
B1303,K70080
B1303,K2668
B1303,K3122
B1303,K4519
B1307,K5202
B1308,K23173
B1308,K61086
B1310,K27217
B1310,K5240
B1312,K60961
B1312,K49172
B1317,K66417
B1320,K19699
B1320,K27428
B1320,K65404
B1321,K67886
B1322,K48410
B1322,K50413
B1323,K42890
B1323,K9534
B1328,K19270
B1331,K5310
B1341,K14211
B1341,K69049
B1343,K5355
B1343,K9753
B1343,K10872
B1344,K4332
B1351,K66929
B1353,K22769
B1353,K10444
B1354,K46503
B1354,K60280
B1356,K52990
B1358,K17970
B1358,K65387
B1361,K56692
B1366,K11816
B1366,K30200
B1367,K53613
B1375,K5675
B1375,K10554
B1377,K12334
B1378,K5731
B1381,K11296
B1382,K14414
B1382,K60443
B1382,K60330
B1386,K5624
B1387,K4925
B1388,K4012
B1390,K30205
B1391,K47588
B1393,K52918
B1395,K71657
B1397,K34011
B1399,K5513
B1399,K67574
B1399,K4470
B1403,K65376
B1403,K22808
B1403,K65376
B1405,K3989
B1406,K1512
B1410,K56955
B1410,K24111
B1410,K53425
B1411,K21874
B1429,K66417
B1432,K9550
B1434,K9579
B1436,K10169
B1436,K5310
B1444,K1512
B1447,K65404
B1447,K66215
B1447,K25851
B1448,K61572
B1449,K61572
B1451,K4902
B1451,K4904
B1452,K53306
B1452,K24842
B1453,K65011
B1455,K32239
B1456,K10463
B1457,K5228
B1465,K58533
B1465,K10623
B1466,K9844
B1466,K1427
B1469,K10639
B1470,K10642
B1473,K58533
B1476,K11296
B1479,K4266
B1480,K10629
B1481,K33293
B1487,K10747
B1488,K10759
B1490,K36990
B1490,K53309
B1490,K71167
B1497,K6227
B1500,K10759
B1502,K10810
B1505,K20832
B1511,K5004
B1512,K4266
B1529,K13271
B1530,K60273
B1530,K46214
B1530,K69940
B1532,K30799
B1536,K67972
B1540,K34926
B1540,K26598
B1540,K10963
B1545,K67350
B1548,K10735
B1559,K11036
B1561,K61186
B1573,K11084
B1575,K30160
B1575,K30850
B1575,K11328
B1575,K33890
B1577,K569
B1577,K11850
B1577,K10711
B1581,K10608
B1581,K10261
B1582,K58851
B1582,K5645
B1583,K19371
B1583,K31551
B1588,K12640
B1593,K3672
B1593,K56994
B1593,K3671
B1595,K71100
B1596,K31814
B1604,K61190
B1610,K11137
B1611,K71079
B1611,K22592
B1611,K69702
B1611,K11150
B1611,K4930
B1611,K11265
B1617,K60348
B1618,K17808
B1618,K19091
B1619,K17808
B1620,K33349
B1622,K11221
B1629,K11296
B1632,K26932
B1633,K54554
B1639,K30996
B1644,K22454
B1647,K36014
B1648,K56780
B1648,K58362
B1652,K22592
B1652,K48974
B1652,K11150
B1654,K71504
B1654,K342
B1658,K48033
B1658,K51272
B1664,K69762
B1664,K3401
B1676,K13010
B1676,K69140
B1677,K50106
B1678,K57307
B1680,K34088
B1680,K20629
B1682,K26785
B1682,K47834
B1686,K1567
B1686,K10236
B1694,K64575
B1696,K70095
B1701,K54652
B1701,K53021
B1703,K13025
B1707,K3190
B1707,K4283
B1711,K58647
B1711,K1021
B1711,K1385
B1713,K15821
B1717,K54969
B1717,K71053
B1719,K15833
B1724,K22221
B1724,K12026
B1727,K27031
B1727,K22108
B1729,K44501
B1730,K13762
B1734,K30830
B1736,K30379
B1736,K17204
B1738,K32165
B1740,K27528
B1740,K4470
B1742,K12969
B1744,K61531
B1744,K55034
B1744,K60280
B1746,K60805
B1753,K47621
B1755,K68876
B1755,K5173
B1760,K28182
B1761,K13153
B1761,K38957
B1761,K25139
B1764,K46687
B1764,K52167
B1765,K30304
B1769,K65452
B1769,K30956
B1773,K60280
B1773,K20573
B1776,K13168
B1776,K19171
B1777,K59466
B1778,K66809
B1781,K68982
B1781,K70563
B1782,K13216
B1784,K70584
B1785,K11645
B1790,K14983
B1795,K32126
B1796,K31828
B1797,K13269
B1797,K59316
B1797,K3672
B1797,K63518
B1797,K1239
B1800,K15043
B1803,K4266
B1806,K60114
B1810,K20931
B1810,K639
B1812,K19371
B1813,K21390
B1816,K22454
B1819,K56727
B1825,K47542
B1825,K3671
B1825,K58647
B1825,K13048
B1827,K63144
B1835,K35084
B1835,K66211
B1835,K66200
B1836,K3671
B1836,K58647
B1836,K3487
B1838,K11780
B1838,K65715
B1838,K15536
B1840,K20727
B1849,K66873
B1849,K14211
B1849,K47582
B1856,K2656
B1857,K34699
B1866,K48326
B1866,K14133
B1866,K70922
B1869,K34122
B1869,K2298
B1870,K14211
B1870,K70235
B1873,K14317
B1875,K34196
B1886,K32615
B1890,K22947
B1895,K49433
B1895,K57284
B1895,K30200
B1895,K68653
B1900,K66211
B1902,K54955
B1902,K12764
B1902,K55017
B1902,K2438
B1902,K293
B1908,K11672
B1916,K66200
B1919,K55988
B1919,K3401
B1919,K14481
B1933,K30996
B1933,K23590
B1936,K13910
B1936,K31826
B1938,K62762
B1938,K2050
B1942,K13451
B1943,K66317
B1943,K11630
B1944,K70559
B1944,K14952
B1945,K10245
B1945,K15018
B1949,K71510
B1949,K342
B1952,K10245
B1955,K54524
B1955,K46270
B1955,K70924
B1959,K13559
B1960,K13090
B1960,K13780
B1960,K20910
B1960,K1797
B1967,K61461
B1968,K9866
B1968,K60280
B1968,K9772
B1971,K5731
B1974,K27343
B1975,K22546
B1975,K50833
B1983,K19033
B1983,K10747
B1983,K30956
B1983,K25299
B1986,K18511
B1991,K40145
B1994,K41370
B1994,K2438
B1996,K13746
B1999,K8486
B1999,K12489
B1999,K8426
B2002,K59712
B2002,K21199
B2002,K23766
B2002,K63518
B2002,K1865
B2007,K24935
B2007,K66595
B2020,K13559
B2023,K37093
B2023,K41372
B2023,K8946
B2025,K30977
B2025,K34605
B2032,K13910
B2032,K12114
B2033,K9942
B2038,K66417
B2038,K66233
B2038,K66910
B2043,K32165
B2049,K14412
B2051,K64563
B2051,K23079
B2051,K44554
B2051,K39105
B2052,K59380
B2052,K60394
B2052,K62323
B2052,K62253
B2054,K14826
B2056,K59383
B2062,K22373
B2062,K22035
B2064,K14907
B2069,K69977
B2076,K62227
B2077,K33442
B2077,K13796
B2080,K9896
B2081,K9896
B2083,K58776
B2090,K9625
B2090,K22749
B2093,K33905
B2093,K60411
B2097,K62395
B2097,K62327
B2100,K56965
B2100,K17229
B2100,K22278
B2107,K62395
B2107,K33859
B2109,K4178
B2109,K4149
B2122,K33229
B2124,K22035
B2126,K39752
B2126,K69987
B2126,K35454
B2126,K42160
B2127,K13976
B2127,K14811
B2130,K69805
B2130,K25773
B2130,K64604
B2130,K18416
B2132,K32261
B2134,K71888
B2138,K11952
B2138,K9178
B2138,K62806
B2141,K48689
B2142,K62806
B2142,K32673
B2145,K71888
B2145,K22571
B2148,K55091
B2155,K15240
B2159,K10726
B2163,K63155
B2163,K13790
B2165,K10726
B2165,K45965
B2165,K57404
B2168,K45812
B2168,K39024
B2168,K56933
B2171,K57404
B2171,K10726
B2171,K56349
B2172,K57507
B2177,K65853
B2179,K48365
B2180,K15708
B2187,K61941
B2187,K5585
B2187,K67218
B2192,K60298
B2192,K20130
B2193,K47563
B2193,K30985
B2199,K1427
B2204,K14009
B2204,K61484
B2207,K57824
B2208,K21191
B2208,K32953
B2208,K48986
B2208,K21503
B2211,K55055
B2213,K66073
B2215,K9402
B2226,K18656
B2226,K57404
B2231,K17450
B2231,K18172
B2231,K70361
B2233,K18797
B2245,K18416
B2245,K55060
B2245,K1219
B2261,K26830
B2267,K25392
B2267,K46439
B2267,K27394
B2270,K25392
B2274,K20166
B2274,K54450
B2275,K1219
B2281,K21946
B2281,K42559
B2281,K23360
B2281,K60466
B2281,K864
B2281,K3789
B2284,K6700
B2285,K17970
B2287,K17915
B2287,K32148
B2289,K15083
B2289,K10261
B2291,K18987
B2293,K16878
B2296,K23096
B2301,K70380
B2301,K63019
B2305,K50299
B2309,K63468
B2309,K69058
B2310,K69058
B2314,K16931
B2315,K17212
B2316,K17365
B2320,K11532
B2321,K16948
B2321,K9550
B2325,K16962
B2326,K66738
B2331,K17619
B2331,K18174
B2332,K47537
B2333,K14994
B2333,K4248
B2333,K63425
B2335,K58335
B2337,K17689
B2337,K36524
B2339,K32079
B2339,K32041
B2343,K58851
B2359,K17730
B2364,K17828
B2364,K47861
B2366,K50296
B2371,K30205
B2371,K9920
B2375,K18710
B2379,K20735
B2383,K26687
B2384,K33349
B2386,K50576
B2386,K10608
B2390,K32126
B2392,K46470
B2392,K46470
B2394,K22772
B2398,K66721
B2398,K5413
B2399,K1396
B2399,K1550
B2399,K16987
B2400,K8988
B2400,K7313
B2409,K57845
B2410,K71096
B2411,K60771
B2413,K48930
B2416,K1807
B2417,K2189
B2420,K58447
B2426,K37288
B2427,K17212
B2428,K12688
B2428,K62436
B2431,K55242
B2432,K23505
B2432,K58175
B2432,K6905
B2436,K4304
B2437,K26247
B2437,K19003
B2437,K18950
B2441,K5632
B2442,K30415
B2447,K12243
B2448,K4774
B2453,K53464
B2453,K58118
B2457,K18267
B2458,K49560
B2459,K60242
B2459,K10430
B2462,K18207
B2462,K11429
B2469,K18337
B2474,K1512
B2474,K17904
B2474,K10665
B2478,K51031
B2478,K12105
B2488,K17367
B2488,K2662
B2491,K59634
B2491,K25437
B2491,K18183
B2491,K1550
B2493,K12114
B2496,K61057
B2506,K40861
B2506,K3272
B2508,K11357
B2510,K17216
B2516,K17812
B2516,K17768
B2521,K6760
B2521,K12764
B2521,K10261
B2522,K31995
B2522,K57789
B2527,K25392
B2527,K1567
B2527,K4186
B2528,K17773
B2536,K26826
B2537,K58851
B2537,K19371
B2540,K17768
B2543,K57404
B2545,K11532
B2551,K34773
B2552,K57291
B2552,K58076
B2555,K46170
B2555,K46168
B2555,K22937
B2557,K344
B2559,K22937
B2565,K18517
B2565,K18511
B2568,K31572
B2569,K70643
B2569,K11334
B2570,K60346
B2575,K46170
B2578,K2942
B2580,K7278
B2585,K19024
B2587,K18062
B2590,K21370
B2590,K16945
B2592,K60348
B2598,K64103
B2598,K56994
B2598,K66396
B2598,K8587
B2609,K26826
B2619,K46791
B2623,K4266
B2623,K31140
B2629,K4180
B2632,K19633
B2632,K27343
B2632,K25944
B2632,K66847
B2632,K30195
B2632,K13331
B2632,K59628
B2632,K34117
B2632,K1534
B2636,K28050
B2636,K27914
B2638,K12518
B2640,K24451
B2643,K52795
B2643,K12688
B2647,K17643
B2648,K17675
B2655,K13331
B2655,K66847
B2655,K60091
B2657,K17970
B2657,K10950
B2658,K18049
B2660,K49116
B2664,K60928
B2665,K17049
B2670,K26630
B2670,K5310
B2670,K11224
B2677,K66225
B2683,K57284
B2683,K34350
B2683,K30200
B2683,K60377
B2683,K10701
B2683,K60331
B2688,K17970
B2689,K53808
B2690,K17998
B2693,K20835
B2693,K58922
B2698,K31953
B2698,K68803
B2700,K18738
B2700,K24556
B2703,K17983
B2708,K17202
B2710,K55079
B2713,K58614
B2713,K69004
B2713,K65682
B2714,K19371
B2714,K39105
B2715,K30200
B2715,K32803
B2718,K57789
B2718,K19371
B2721,K48842
B2721,K67660
B2721,K3642
B2721,K53981
B2723,K16574
B2726,K12691
B2726,K48877
B2734,K33302
B2735,K47537
B2735,K48720
B2744,K50324
B2746,K62762
B2746,K19180
B2746,K2050
B2746,K4226
B2750,K18782
B2750,K62484
B2751,K18085
B2751,K33133
B2754,K18423
B2754,K13168
B2754,K13168
B2755,K56723
B2755,K55774
B2757,K22909
B2757,K12633
B2759,K56702
B2762,K27227
B2763,K18453
B2773,K18889
B2776,K23505
B2776,K17162
B2776,K11268
B2777,K21912
B2782,K33785
B2784,K12518
B2784,K61660
B2787,K35801
B2788,K18923
B2793,K20832
B2793,K18952
B2798,K17792
B2800,K18172
B2800,K27502
B2802,K70643
B2809,K57467
B2809,K57098
B2817,K30785
B2824,K10711
B2824,K11207
B2829,K18984
B2829,K16825
B2829,K16324
B2829,K56492
B2834,K25624
B2842,K30911
B2846,K18797
B2847,K67311
B2849,K18989
B2850,K18886
B2855,K58175
B2855,K6905
B2855,K47890
B2857,K18689
B2857,K49116
B2861,K39146
B2861,K43774
B2863,K27158
B2869,K17278
B2870,K5310
B2878,K11032
B2880,K23505
B2880,K61306
B2880,K5645
B2880,K163
B2880,K10637
B2882,K39146
B2882,K43774
B2883,K18886
B2888,K69928
B2888,K19048
B2894,K19066
B2894,K51596
B2894,K51340
B2898,K6791
B2900,K19024
B2903,K29945
B2907,K44887
B2907,K41198
B2909,K3379
B2909,K17975
B2914,K30195
B2914,K62990
B2915,K23375
B2920,K69020
B2922,K67538
B2922,K68746
B2922,K67970
B2923,K60894
B2924,K25241
B2924,K25250
B2924,K25117
B2930,K60059
B2932,K64563
B2932,K39235
B2932,K14969
B2932,K60280
B2936,K25145
B2936,K25147
B2936,K3851
B2937,K9550
B2939,K31624
B2939,K27345
B2940,K66738
B2941,K59555
B2946,K23488
B2947,K71131
B2947,K68275
B2948,K6488
B2950,K33432
B2950,K26744
B2950,K25995
B2952,K22252
B2952,K60322
B2952,K11576
B2956,K5517
B2956,K10614
B2957,K48444
B2961,K68982
B2963,K23618
B2968,K54
B2977,K39999
B2978,K25960
B2980,K23613
B2980,K48781
B2982,K23682
B2985,K5379
B2989,K26864
B2992,K66738
B2992,K65926
B2995,K50996
B2995,K53588
B2996,K31737
B2998,K48031
B2998,K34383
B3010,K17184
B3022,K18070
B3023,K48313
B3027,K17010
B3027,K23805
B3032,K49843
B3034,K68269
B3046,K67621
B3046,K67620
B3046,K42664
B3046,K19284
B3058,K1925
B3060,K16926
B3061,K25858
B3061,K48306
B3063,K54999
B3067,K26129
B3067,K28393
B3067,K25742
B3068,K26134
B3071,K48255
B3073,K48342
B3081,K23882
B3081,K26150
B3085,K23908
B3085,K4800
B3088,K59202
B3088,K16918
B3092,K49870
B3092,K49826
B3096,K23957
B3098,K28783
B3100,K23986
B3105,K25862
B3112,K26990
B3112,K26986
B3114,K24029
B3114,K23808
B3114,K1778
B3115,K26752
B3115,K25080
B3117,K23808
B3120,K48410
B3122,K60862
B3127,K1998
B3127,K10473
B3133,K26063
B3139,K22194
B3141,K2038
B3144,K27103
B3145,K23442
B3146,K23466
B3148,K38821
B3148,K14224
B3151,K24079
B3152,K24080
B3154,K59145
B3158,K67001
B3163,K22586
B3165,K17367
B3167,K50106
B3168,K60348
B3168,K31951
B3169,K31624
B3169,K6905
B3171,K25270
B3171,K25185
B3174,K66133
B3175,K67283
B3175,K27018
B3178,K24341
B3179,K58841
B3179,K68172
B3179,K48329
B3181,K48329
B3184,K59374
B3184,K21370
B3184,K56349
B3187,K22772
B3192,K17421
B3193,K27103
B3193,K867
B3194,K27103
B3199,K24344
B3199,K19058
B3201,K709
B3201,K70788
B3206,K27260
B3208,K24361
B3211,K26049
B3214,K27425
B3215,K4627
B3216,K20532
B3217,K27325
B3219,K45615
B3220,K18490
B3222,K18210
B3223,K67538
B3223,K68746
B3224,K10650
B3229,K68746
B3229,K19371
B3229,K5645
B3229,K26425
B3229,K32380
B3229,K65664
B3238,K19555
B3246,K24361
B3246,K66929
B3249,K19450
B3252,K27706
B3255,K18165
B3257,K60242
B3257,K2315
B3258,K26425
B3270,K31951
B3270,K17095
B3270,K46214
B3271,K69806
B3275,K27528
B3276,K26752
B3276,K25709
B3276,K25783
B3276,K25080
B3278,K25347
B3279,K24601
B3281,K6751
B3281,K6700
B3287,K27864
B3288,K15020
B3288,K15036
B3288,K10934
B3290,K26841
B3301,K70403
B3301,K53989
B3301,K3560
B3301,K9772
B3305,K28293
B3307,K68982
B3308,K28279
B3308,K23751
B3308,K57051
B3308,K71545
B3308,K66787
B3319,K50379
B3319,K10665
B3319,K19332
B3319,K3350
B3321,K12114
B3321,K31951
B3322,K70759
B3322,K54312
B3322,K54263
B3323,K67409
B3323,K23587
B3324,K28341
B3324,K25234
B3326,K28362
B3329,K25000
B3329,K55445
B3334,K60015
B3334,K54265
B3339,K54143
B3342,K71167
B3344,K2270
B3344,K8587
B3347,K9550
B3347,K19701
B3348,K16900
B3348,K19701
B3348,K17962
B3348,K19701
B3351,K22947
B3354,K32803
B3354,K6366
B3354,K4178
B3354,K12114
B3354,K11816
B3354,K4149
B3355,K42110
B3357,K14211
B3363,K57949
B3363,K5645
B3370,K40415
B3370,K35084
B3372,K61186
B3375,K10841
B3378,K70256
B3378,K14965
B3382,K35084
B3382,K17685
B3384,K27232
B3384,K46083
B3386,K30749
B3391,K30799
B3397,K25392
B3397,K40686
B3398,K57819
B3398,K25392
B3399,K31995
B3399,K32494
B3399,K32474
B3403,K12979
B3403,K64899
B3403,K60462
B3403,K1398
B3405,K27528
B3405,K18377
B3406,K25821
B3406,K7634
B3406,K61847
B3406,K28754
B3408,K28756
B3410,K32803
B3410,K11816
B3411,K10841
B3411,K71154
B3411,K10954
B3413,K25531
B3417,K32576
B3418,K58848
B3421,K69140
B3424,K30604
B3427,K28630
B3427,K6027
B3429,K71154
B3429,K61313
B3429,K61036
B3432,K30519
B3440,K25729
B3441,K1998
B3444,K26063
B3446,K30756
B3448,K30756
B3450,K26145
B3451,K56994
B3451,K32803
B3451,K12114
B3451,K11816
B3453,K18172
B3457,K48510
B3459,K5455
B3461,K60377
B3461,K60381
B3461,K60330
B3461,K60717
B3464,K28765
B3464,K61847
B3464,K413
B3464,K3444
B3466,K27325
B3467,K709
B3469,K66219
B3469,K8587
B3470,K25531
B3471,K28319
B3474,K22286
B3475,K19450
B3475,K21370
B3478,K60377
B3480,K5090
B3482,K27528
B3484,K57032
B3484,K61937
B3484,K57032
B3484,K25734
B3484,K46691
B3485,K60377
B3489,K64621
B3491,K28823
B3492,K22639
B3495,K17945
B3500,K24879
B3500,K15950
B3500,K24029
B3501,K24879
B3501,K15950
B3501,K24029
B3503,K60859
B3505,K6554
B3505,K18462
B3505,K26564
B3505,K56994
B3507,K18022
B3507,K17912
B3509,K39235
B3511,K30263
B3515,K46771
B3515,K29945
B3515,K23079
B3519,K27536
B3519,K18165
B3521,K49970
B3522,K17898
B3522,K61361
B3523,K12967
B3525,K10637
B3528,K14211
B3528,K68653
B3533,K20835
B3535,K26456
B3537,K23682
B3537,K1427
B3544,K19431
B3548,K22327
B3548,K60742
B3548,K2119
B3548,K4538
B3551,K32100
B3555,K69886
B3556,K69886
B3556,K5170
B3559,K68056
B3559,K67620
B3559,K68431
B3561,K50059
B3564,K17675
B3565,K60056
B3565,K24621
B3565,K12428
B3565,K38327
B3565,K24621
B3568,K19058
B3569,K26458
B3570,K21724
B3577,K59068
B3577,K19431
B3577,K12703
B3578,K34695
B3580,K31814
B3580,K57340
B3581,K13559
B3581,K6193
B3581,K62323
B3581,K7124
B3581,K49096
B3587,K68431
B3589,K4356
B3597,K11107
B3598,K26785
B3598,K67046
B3599,K47106
B3599,K47106
B3603,K12190
B3604,K60280
B3606,K26873
B3611,K60713
B3618,K7721
B3620,K24226
B3621,K57190
B3623,K29726
B3627,K47488
B3628,K4012
B3628,K11036
B3631,K46517
B3633,K60717
B3633,K59263
B3633,K13048
B3633,K60411
B3633,K66232
B3635,K27375
B3641,K864
B3641,K60106
B3643,K5202
B3644,K27549
B3649,K31293
B3653,K26368
B3653,K4415
B3653,K30520
B3653,K24889
B3659,K30824
B3660,K49352
B3660,K48345
B3667,K46850
B3670,K3966
B3670,K18416
B3671,K5237
B3671,K7987
B3671,K13767
B3671,K30781
B3673,K57032
B3673,K70131
B3674,K68803
B3674,K30370
B3674,K66232
B3674,K16112
B3674,K63711
B3674,K34350
B3675,K58502
B3680,K7536
B3689,K30140
B3689,K67992
B3690,K30156
B3690,K2298
B3692,K70978
B3693,K29793
B3694,K61135
B3697,K11846
B3711,K42320
B3713,K53941
B3716,K12114
B3716,K13976
B3719,K52664
B3719,K24748
B3721,K60467
B3721,K13090
B3721,K13780
B3721,K61151
B3722,K69343
B3722,K32134
B3731,K26021
B3742,K23827
B3745,K11087
B3745,K14488
B3746,K30418
B3755,K32410
B3758,K66195
B3758,K59472
B3760,K30480
B3768,K62274
B3777,K14935
B3785,K30607
B3785,K30578
B3788,K30540
B3790,K17945
B3790,K18797
B3790,K18721
B3792,K5630
B3794,K54999
B3794,K22988
B3797,K70256
B3798,K55575
B3798,K70969
B3798,K59946
B3799,K70230
B3807,K17010
B3810,K30658
B3814,K33383
B3814,K68746
B3815,K18797
B3817,K42875
B3817,K67970
B3817,K68746
B3817,K35454
B3821,K49248
B3821,K27270
B3822,K60634
B3828,K68156
B3836,K61660
B3839,K55181
B3841,K30749
B3842,K30754
B3842,K52643
B3842,K10710
B3848,K19621
B3850,K10151
B3850,K3559
B3852,K56676
B3855,K24022
B3855,K12840
B3857,K7608
B3858,K30246
B3861,K18797
B3861,K18989
B3862,K30830
B3864,K18797
B3864,K18989
B3864,K3272
B3865,K14133
B3865,K21908
B3866,K22940
B3866,K2311
B3866,K23784
B3867,K71996
B3868,K69049
B3868,K7966
B3868,K68515
B3868,K6356
B3871,K23784
B3874,K52207
B3876,K8743
B3876,K5360
B3878,K984
B3878,K60054
B3879,K14147
B3880,K27172
B3885,K11952
B3886,K32673
B3888,K71996
B3888,K45661
B3889,K25531
B3891,K28430
B3895,K2674
B3902,K19935
B3910,K15315
B3910,K48984
B3910,K10273
B3910,K11078
B3916,K20910
B3918,K19965
B3920,K20721
B3921,K33275
B3921,K32999
B3923,K34075
B3926,K69067
B3930,K23531
B3936,K14325
B3937,K645
B3941,K21909
B3941,K20570
B3941,K70078
B3941,K217
B3941,K3661
B3943,K41755
B3944,K14147
B3948,K53684
B3948,K32033
B3949,K33524
B3949,K62377
B3949,K62323
B3951,K4844
B3953,K4450
B3954,K46083
B3954,K27232
B3956,K10874
B3959,K64011
B3964,K56459
B3964,K19113
B3964,K32364
B3965,K8426
B3965,K32277
B3965,K67972
B3968,K21370
B3968,K24117
B3968,K67590
B3969,K12939
B3969,K21606
B3969,K21746
B3970,K17677
B3972,K22657
B3972,K10874
B3974,K20597
B3979,K20604
B3979,K20610
B3979,K20597
B3979,K10952
B3988,K10736
B3988,K68876
B3990,K46889
B3995,K60714
B3999,K37269
B4003,K12806
B4005,K58939
B4007,K8596
B4009,K66190
B4009,K66731
B4009,K46960
B4019,K7688
B4019,K20831
B4021,K31689
B4021,K60082
B4024,K19624
B4029,K21359
B4032,K55098
B4035,K57304
B4035,K51744
B4036,K20604
B4036,K20597
B4036,K10952
B4040,K11850
B4042,K22103
B4042,K33373
B4042,K17792
B4042,K57065
B4042,K1251
B4047,K21504
B4048,K60714
B4056,K48332
B4056,K34838
B4058,K42260
B4059,K45686
B4066,K60172
B4067,K4460
B4067,K33777
B4070,K18472
B4072,K32921
B4077,K17584
B4078,K26944
B4084,K70123
B4084,K48818
B4084,K21716
B4084,K3175
B4084,K9921
B4086,K60061
B4086,K21720
B4087,K69023
B4088,K33108
B4089,K8596
B4094,K12960
B4094,K21431
B4095,K20130
B4096,K20585
B4096,K70739
B4096,K49012
B4098,K62608
B4099,K21746
B4099,K205
B4105,K53635
B4108,K67091
B4110,K5517
B4110,K10614
B4115,K10139
B4116,K18483
B4118,K69249
B4123,K59262
B4125,K6883
B4126,K12191
B4128,K58659
B4131,K30511
B4132,K26743
B4132,K21946
B4132,K3671
B4132,K123
B4133,K20002
B4133,K34235
B4134,K3175
B4135,K12939
B4137,K21199
B4137,K65404
B4137,K9534
B4137,K6745
B4137,K20263
B4141,K19699
B4141,K30200
B4141,K3487
B4141,K5632
B4141,K1534
B4144,K21980
B4146,K3358
B4147,K21990
B4152,K32236
B4152,K30662
B4154,K21996
B4161,K42559
B4161,K31133
B4161,K13090
B4161,K60467
B4161,K22373
B4162,K11672
B4162,K22571
B4163,K59262
B4163,K21931
B4163,K44614
B4163,K4806
B4170,K12381
B4172,K67673
B4172,K45661
B4172,K31398
B4172,K12114
B4175,K28572
B4177,K49663
B4177,K56780
B4183,K3471
B4195,K22173
B4197,K57077
B4201,K28507
B4207,K48347
B4211,K32854
B4211,K9975
B4212,K10666
B4212,K10665
B4217,K26063
B4230,K48951
B4236,K48333
B4236,K22295
B4239,K22298
B4240,K53831
B4253,K22801
B4258,K22350
B4277,K21990
B4280,K51272
B4280,K48033
B4282,K35589
B4284,K3870
B4284,K11856
B4284,K1108
B4284,K28067
B4286,K62219
B4289,K3487
B4289,K21199
B4289,K3671
B4294,K46778
B4298,K13133
B4298,K12301
B4299,K30911
B4302,K51288
B4308,K61939
B4315,K46778
B4316,K25851
B4316,K65404
B4319,K22734
B4331,K27345
B4345,K22965
B4346,K17259
B4346,K27345
B4346,K16987
B4346,K5632
B4353,K22990
B4356,K22990
B4360,K35322
B4360,K44692
B4363,K15005
B4370,K68280
B4370,K68605
B4373,K27343
B4373,K1313
B4373,K4141
B4373,K4960
B4374,K30200
B4374,K16913
B4374,K65675
B4377,K70126
B4381,K22541
B4387,K9499
B4393,K48031
B4405,K13852
B4405,K46272
B4405,K15005
B4409,K22122
B4409,K2551
B4414,K67809
B4427,K51288
B4429,K56510
B4430,K12646
B4431,K22675
B4436,K30200
B4436,K9550
B4439,K61939
B4439,K38088
B4439,K5307
B4440,K6366
B4441,K22728
B4443,K69140
B4446,K5347
B4450,K13559
B4453,K6745
B4454,K22779
B4454,K24325
B4456,K22808
B4459,K47212
B4459,K61939
B4459,K22592
B4460,K22808
B4460,K53483
B4462,K22743
B4463,K61946
B4471,K62143
B4471,K27333
B4472,K48842
B4472,K70788
B4474,K33852
B4477,K22592
B4477,K4919
B4480,K23100
B4487,K27345
B4487,K46778
B4487,K4799
B4488,K12939
B4489,K21992
B4490,K23150
B4491,K64544
B4492,K23252
B4492,K44723
B4492,K34235
B4492,K6219
B4493,K20166
B4493,K54450
B4495,K23046
B4499,K68996
B4499,K42947
B4500,K68919
B4501,K25168
B4501,K4196
B4502,K12523
B4506,K20441
B4507,K60015
B4507,K54265
B4516,K28182
B4516,K23216
B4516,K71545
B4516,K28279
B4518,K28182
B4528,K23244
B4534,K21990
B4534,K46778
B4534,K4919
B4534,K5307
B4534,K6455
B4536,K23046
B4545,K67791
B4550,K44692
B4553,K14793
B4553,K27828
B4554,K23361
B4557,K26073
B4558,K23802
B4564,K4519
B4568,K24143
B4572,K26909
B4573,K24184
B4577,K27574
B4578,K27570
B4579,K30728
B4579,K4156
B4583,K47706
B4583,K10610
B4587,K16221
B4587,K55313
B4589,K24935
B4589,K66595
B4592,K9803
B4597,K25299
B4597,K30956
B4603,K10610
B4603,K47706
B4603,K9951
B4605,K19210
B4605,K54045
B4605,K54277
B4608,K27270
B4609,K27305
B4610,K27305
B4615,K4155
B4620,K26021
B4625,K70924
B4625,K30877
B4628,K48573
B4629,K56279
B4630,K32357
B4630,K32148
B4633,K11352
B4639,K25299
B4643,K21687
B4647,K34411
B4647,K60887
B4647,K7994
B4648,K38289
B4648,K65404
B4648,K17201
B4654,K68925
B4658,K46474
B4658,K3672
B4661,K65327
B4661,K15208
B4661,K61937
B4667,K53780
B4667,K34902
B4667,K758
B4667,K19781
B4667,K3789
B4672,K44542
B4679,K30434
B4679,K2566
B4680,K31839
B4680,K19371
B4685,K62656
B4685,K31117
B4685,K67315
B4685,K68803
B4685,K9631
B4687,K15538
B4689,K17957
B4690,K68008
B4693,K11532
B4694,K69029
B4695,K61063
B4695,K33893
B4697,K57340
B4699,K32071
B4699,K1299
B4701,K19354
B4703,K33143
B4703,K31482
B4703,K33241
B4703,K58895
B4705,K31156
B4707,K22316
B4712,K32148
B4712,K259
B4714,K13559
B4714,K68801
B4714,K60558
B4714,K68536
B4722,K19320
B4722,K33362
B4723,K26398
B4723,K59520
B4731,K31514
B4733,K33362
B4733,K32126
B4734,K31203
B4737,K33893
B4737,K61063
B4738,K11513
B4738,K4722
B4739,K34789
B4741,K67574
B4741,K4470
B4749,K32606
B4752,K64992
B4755,K49836
B4757,K32247
B4757,K61862
B4759,K56299
B4761,K57800
B4764,K55441
B4764,K45607
B4764,K1320
B4765,K62762
B4765,K2050
B4772,K31349
B4773,K33591
B4780,K19372
B4785,K70230
B4787,K31104
B4790,K60928
B4790,K72199
B4794,K66093
B4794,K19339
B4797,K18190
B4798,K54999
B4798,K4733
B4798,K10473
B4800,K4266
B4801,K31124
B4806,K31390
B4811,K52589
B4811,K50557
B4812,K35194
B4812,K6212
B4815,K66873
B4815,K1385
B4823,K53780
B4823,K19781
B4823,K758
B4823,K34902
B4825,K11513
B4825,K16868
B4826,K31140
B4826,K71545
B4827,K26743
B4827,K36044
B4827,K21946
B4827,K23360
B4827,K60466
B4827,K68085
B4827,K68049
B4827,K46
B4828,K4846
B4828,K4979
B4833,K2583
B4833,K33963
B4835,K2583
B4835,K16324
B4838,K1073
B4841,K19398
B4841,K31007
B4842,K25447
B4842,K71683
B4844,K31551
B4844,K11221
B4845,K19354
B4845,K29897
B4848,K19387
B4848,K48720
B4849,K30200
B4849,K46778
B4851,K11277
B4860,K59815
B4863,K13790
B4863,K21711
B4863,K5237
B4872,K59815
B4873,K31696
B4879,K20016
B4879,K52195
B4879,K33892
B4880,K69066
B4882,K6813
B4884,K17643
B4886,K39785
B4888,K61789
B4888,K198
B4888,K46
B4890,K2795
B4892,K32679
B4894,K26342
B4895,K69066
B4895,K71710
B4896,K3487
B4896,K3671
B4896,K11608
B4897,K6813
B4897,K24621
B4899,K4672
B4901,K17447
B4904,K32003
B4905,K71100
B4905,K25773
B4906,K31140
B4912,K32236
B4912,K31151
B4912,K31156
B4916,K19320
B4916,K32148
B4916,K57340
B4920,K26869
B4930,K19372
B4930,K19982
B4930,K56459
B4930,K4226
B4932,K62956
B4940,K33383
B4940,K32041
B4948,K33365
B4948,K60894
B4948,K21115
B4950,K62956
B4951,K15240
B4951,K62956
B4953,K32606
B4954,K2288
B4955,K46381
B4955,K32606
B4957,K19982
B4959,K22344
B4961,K11029
B4964,K61036
B4964,K60518
B4964,K60558
B4964,K65493
B4965,K56375
B4966,K69856
B4972,K55237
B4974,K53862
B4976,K31395
B4976,K57103
B4976,K30755
B4978,K32652
B4979,K32695
B4982,K5125
B4982,K4012
B4983,K62291
B4983,K27855
B4984,K24708
B4984,K9772
B4985,K32710
B4988,K32877
B5002,K33357
B5003,K7462
B5003,K8684
B5006,K47334
B5011,K26616
B5014,K70065
B5014,K48320
B5016,K66190
B5019,K31355
B5020,K32380
B5020,K31947
B5025,K60077
B5030,K66929
B5030,K19982
B5032,K11495
B5036,K32877
B5043,K45641
B5043,K23426
B5045,K15850
B5047,K32919
B5048,K11495
B5048,K56375
B5049,K48674
B5055,K68665
B5059,K4470
B5063,K27758
B5067,K18958
B5068,K69335
B5068,K10245
B5071,K33524
B5071,K31801
B5072,K47878
B5072,K33247
B5074,K31828
B5074,K63184
B5077,K56375
B5081,K22096
B5082,K67409
B5086,K26557
B5086,K12142
B5088,K27215
B5088,K27682
B5089,K30985
B5090,K49560
B5090,K4979
B5093,K32284
B5097,K31995
B5097,K11645
B5099,K25773
B5099,K31572
B5100,K31085
B5102,K67535
B5102,K67638
B5104,K32854
B5104,K9975
B5106,K19182
B5106,K12688
B5106,K67899
B5110,K33402
B5110,K31117
B5112,K64011
B5112,K58219
B5113,K32070
B5114,K23268
B5116,K32137
B5116,K59731
B5120,K11495
B5120,K56375
B5122,K17675
B5122,K20150
B5123,K21370
B5126,K56933
B5126,K65197
B5126,K30205
B5126,K11944
B5126,K17044
B5126,K9920
B5127,K34570
B5128,K31689
B5130,K45093
B5131,K32925
B5134,K31187
B5134,K33231
B5135,K26150
B5137,K22965
B5137,K15821
B5137,K33362
B5137,K32126
B5138,K67311
B5140,K31706
B5142,K32100
B5144,K62407
B5144,K71844
B5145,K708
B5145,K19804
B5145,K9975
B5151,K64377
B5154,K32380
B5154,K26484
B5157,K32284
B5160,K32247
B5160,K61862
B5164,K62143
B5166,K19398
B5166,K67727
B5166,K21390
B5168,K66929
B5169,K67311
B5173,K53216
B5174,K53216
B5175,K70548
B5180,K56375
B5180,K69104
B5181,K32380
B5183,K56375
B5183,K19180
B5187,K71131
B5187,K5355
B5191,K32546
B5196,K34038
B5198,K32476
B5199,K11107
B5200,K66770
B5200,K56375
B5200,K2265
B5202,K3986
B5203,K48454
B5204,K34174
B5204,K50262
B5205,K21390
B5212,K31572
B5212,K32380
B5213,K26484
B5216,K29897
B5219,K12840
B5219,K71853
B5219,K66731
B5221,K33247
B5225,K33266
B5227,K13386
B5229,K33293
B5235,K61313
B5235,K61036
B5237,K11994
B5239,K30799
B5241,K11672
B5241,K43240
B5245,K18958
B5245,K41325
B5246,K48837
B5249,K25773
B5249,K64604
B5249,K65609
B5249,K33102
B5249,K3944
B5249,K11137
B5251,K24022
B5251,K13961
B5251,K15085
B5254,K33143
B5254,K31873
B5259,K33108
B5260,K33345
B5263,K32126
B5267,K1995
B5267,K11451
B5267,K1037
B5272,K33143
B5278,K60280
B5278,K55034
B5278,K61862
B5281,K33156
B5289,K33402
B5294,K31482
B5298,K48837
B5299,K12640
B5309,K23590
B5309,K30996
B5314,K22237
B5314,K42622
B5318,K33457
B5318,K46455
B5318,K56644
B5323,K33668
B5323,K27172
B5327,K58614
B5327,K19982
B5327,K64563
B5330,K31355
B5330,K22344
B5332,K56279
B5335,K32494
B5335,K32474
B5335,K31995
B5335,K33220
B5335,K32079
B5336,K32494
B5336,K32474
B5336,K31995
B5336,K33220
B5336,K32079
B5339,K70048
B5339,K43190
B5342,K34075
B5347,K18483
B5348,K24972
B5351,K33754
B5351,K6751
B5351,K7313
B5351,K22047
B5352,K2999
B5352,K65988
B5353,K46474
B5353,K13947
B5361,K9459
B5361,K44554
B5361,K45837
B5365,K31504
B5365,K11229
B5369,K26908
B5369,K40525
B5370,K72024
B5371,K5928
B5372,K34059
B5376,K70014
B5376,K5292
B5377,K48791
B5377,K55114
B5377,K512
B5377,K4843
B5378,K31787
B5381,K32380
B5381,K4806
B5381,K10225
B5381,K11028
B5384,K61183
B5384,K14414
B5386,K31814
B5386,K32606
B5386,K35377
B5386,K31482
B5398,K44114
B5407,K36401
B5407,K39952
B5407,K36772
B5414,K8672
B5414,K67345
B5414,K6732
B5414,K67346
B5425,K35618
B5425,K1251
B5425,K39752
B5434,K36952
B5435,K36914
B5443,K4379
B5445,K38026
B5446,K19431
B5447,K36034
B5447,K39437
B5447,K35636
B5447,K35714
B5447,K42926
B5448,K38289
B5450,K39718
B5453,K42618
B5455,K2948
B5455,K2313
B5455,K15986
B5455,K1213
B5463,K12229
B5463,K66537
B5467,K41909
B5469,K59854
B5482,K34237
B5482,K51789
B5489,K39505
B5490,K39673
B5490,K36703
B5497,K9547
B5497,K8562
B5502,K36613
B5508,K41325
B5518,K24972
B5519,K24972
B5531,K33785
B5541,K35749
B5548,K44558
B5548,K44628
B5548,K36683
B5548,K36245
B5550,K37260
B5550,K35151
B5550,K37249
B5557,K36856
B5557,K44696
B5560,K34260
B5563,K65110
B5563,K2023
B5563,K2554
B5564,K36444
B5568,K17945
B5570,K34268
B5578,K40883
B5589,K36328
B5600,K37284
B5605,K42603
B5605,K41016
B5605,K44532
B5605,K35847
B5605,K39752
B5609,K11608
B5609,K34322
B5609,K22606
B5610,K43235
B5610,K36039
B5610,K36701
B5612,K4890
B5612,K41857
B5614,K34286
B5614,K11585
B5616,K14643
B5618,K42438
B5622,K41470
B5625,K69106
B5629,K43692
B5633,K36721
B5633,K14211
B5633,K11025
B5646,K36968
B5648,K34383
B5650,K34235
B5655,K43353
B5657,K39495
B5657,K37284
B5675,K23969
B5675,K30486
B5682,K34605
B5682,K38
B5683,K1428
B5684,K14414
B5687,K61063
B5687,K59587
B5687,K64326
B5688,K56914
B5688,K33480
B5688,K1809
B5699,K5525
B5699,K42559
B5699,K758
B5707,K3203
B5712,K36350
B5716,K41726
B5716,K36328
B5721,K36262
B5730,K36493
B5730,K40026
B5730,K42699
B5731,K49528
B5731,K64563
B5731,K64170
B5732,K21385
B5734,K170
B5734,K60711
B5734,K35820
B5739,K3642
B5739,K34409
B5739,K3870
B5739,K5234
B5745,K59466
B5745,K20031
B5745,K3945
B5745,K36272
B5750,K41268
B5752,K7254
B5752,K9179
B5752,K5484
B5758,K6951
B5758,K39752
B5763,K44723
B5764,K37226
B5764,K5745
B5764,K55017
B5765,K39119
B5767,K9147
B5767,K7199
B5773,K8024
B5773,K6285
B5774,K12191
B5776,K34432
B5776,K64128
B5785,K39710
B5788,K7538
B5794,K34196
B5797,K7703
B5797,K62377
B5797,K60394
B5800,K33674
B5804,K6303
B5817,K6371
B5822,K8000
B5830,K30755
B5842,K64563
B5842,K60280
B5843,K36717
B5846,K38161
B5849,K8672
B5858,K27528
B5859,K8528
B5864,K9614
B5868,K7502
B5869,K6371
B5877,K7620
B5878,K7620
B5879,K2003
B5886,K42495
B5886,K5523
B5886,K9417
B5887,K6699
B5887,K39105
B5891,K15650
B5892,K71545
B5892,K7631
B5893,K34789
B5894,K59333
B5897,K34657
B5898,K34693
B5898,K34693
B5898,K33099
B5907,K34838
B5907,K42496
B5913,K49413
B5913,K58851
B5918,K19433
B5921,K33701
B5924,K9178
B5924,K20032
B5925,K7589
B5925,K32673
B5929,K10560
B5930,K35054
B5938,K31787
B5939,K34085
B5941,K66873
B5941,K67003
B5941,K47542
B5941,K2160
B5941,K9631
B5944,K25392
B5953,K4481
B5963,K5637
B5963,K55060
B5965,K44462
B5965,K44480
B5970,K40622
B5974,K26830
B5978,K71079
B5978,K57291
B5978,K11150
B5979,K25392
B5982,K45692
B5983,K69049
B5983,K7966
B5983,K68515
B5983,K6356
B5986,K35636
B5992,K70178
B5994,K48720
B5994,K5070
B5995,K63286
B5997,K44830
B6000,K12194
B6000,K57047
B6001,K40500
B6004,K45643
B6006,K10154
B6006,K58175
B6007,K10236
B6009,K45686
B6010,K21724
B6015,K42521
B6016,K46517
B6018,K30511
B6018,K45822
B6023,K5517
B6023,K10614
B6023,K36794
B6031,K68895
B6036,K66929
B6037,K24819
B6038,K48720
B6040,K18022
B6040,K17970
B6043,K22940
B6043,K2311
B6043,K23784
B6043,K9854
B6049,K22574
B6049,K25257
B6049,K38540
B6052,K65197
B6052,K12476
B6053,K21380
B6056,K16112
B6056,K29103
B6056,K30200
B6062,K38184
B6063,K34838
B6063,K42496
B6063,K71500
B6071,K61186
B6073,K41857
B6073,K4698
B6077,K42522
B6078,K63174
B6078,K23068
B6078,K8049
B6080,K51092
B6082,K68945
B6087,K6777
B6089,K24989
B6095,K40397
B6095,K45030
B6095,K40397
B6096,K8367
B6096,K7282
B6098,K55060
B6098,K6636
B6098,K6621
B6105,K7594
B6107,K38677
B6109,K9397
B6110,K18784
B6112,K9432
B6116,K24879
B6116,K24029
B6116,K23808
B6117,K34695
B6117,K64273
B6118,K42110
B6118,K1490
B6118,K4709
B6120,K33897
B6120,K31483
B6122,K9397
B6124,K13168
B6127,K9922
B6127,K57383
B6132,K3122
B6134,K56394
B6134,K26593
B6134,K5806
B6134,K8106
B6139,K46426
B6139,K68996
B6139,K1408
B6139,K39785
B6143,K67214
B6143,K26060
B6143,K2426
B6143,K1408
B6143,K39785
B6145,K67367
B6147,K23808
B6148,K56710
B6149,K8106
B6149,K5806
B6149,K26593
B6153,K46432
B6156,K63468
B6160,K22884
B6165,K11944
B6165,K65197
B6167,K55060
B6167,K2002
B6169,K46003
B6174,K46473
B6174,K46214
B6174,K17095
B6175,K53864
B6176,K53864
B6177,K44887
B6177,K11949
B6183,K34411
B6183,K1396
B6183,K5596
B6186,K23160
B6186,K34605
B6186,K26593
B6189,K46602
B6189,K31711
B6189,K2169
B6190,K46601
B6191,K3791
B6191,K10963
B6192,K60107
B6192,K54280
B6193,K9501
B6194,K11949
B6194,K46484
B6195,K71545
B6218,K12691
B6218,K48877
B6218,K19006
B6221,K46733
B6221,K67193
B6222,K758
B6222,K19781
B6222,K34902
B6222,K3789
B6229,K1297
B6229,K39143
B6230,K47537
B6233,K72013
B6233,K30977
B6234,K758
B6234,K19781
B6236,K43344
B6237,K67172
B6237,K65396
B6237,K42947
B6237,K22586
B6238,K68036
B6239,K59068
B6241,K50837
B6241,K1613
B6242,K12026
B6246,K15732
B6249,K23986
B6250,K38718
B6250,K44643
B6251,K15824
B6252,K2673
B6252,K2668
B6256,K24279
B6256,K9854
B6257,K72013
B6257,K23787
B6257,K71569
B6260,K49829
B6265,K56458
B6265,K59068
B6268,K50135
B6268,K64271
B6269,K4460
B6269,K64898
B6273,K46733
B6278,K31801
B6284,K26559
B6287,K26559
B6292,K56543
B6295,K46211
B6295,K1655
B6296,K56537
B6298,K63144
B6300,K34605
B6300,K30977
B6302,K4378
B6312,K44794
B6312,K5099
B6313,K46917
B6315,K47572
B6316,K46940
B6318,K4174
B6322,K68876
B6322,K10736
B6324,K65104
B6324,K68843
B6324,K68876
B6324,K10736
B6337,K58243
B6342,K58895
B6342,K52870
B6346,K4453
B6348,K69924
B6348,K49713
B6348,K10318
B6350,K12191
B6351,K41415
B6361,K16926
B6363,K14414
B6367,K23910
B6368,K34256
B6372,K3027
B6378,K18490
B6384,K47214
B6384,K47588
B6384,K59253
B6398,K27343
B6401,K49661
B6402,K18472
B6409,K57399
B6410,K8814
B6416,K22769
B6416,K10444
B6417,K19939
B6419,K13559
B6420,K14211
B6420,K5347
B6420,K10167
B6424,K60283
B6424,K57986
B6424,K54050
B6427,K4149
B6427,K4178
B6428,K49638
B6428,K7346
B6428,K31142
B6428,K7346
B6433,K5517
B6433,K10614
B6436,K10167
B6440,K49063
B6440,K21908
B6440,K60054
B6442,K60165
B6442,K21908
B6442,K60121
B6443,K58243
B6443,K30755
B6449,K11659
B6461,K12343
B6461,K11271
B6466,K45617
B6467,K69132
B6472,K47582
B6473,K35782
B6475,K55001
B6476,K53606
B6476,K9951
B6476,K47705
B6479,K66929
B6480,K48930
B6482,K12343
B6482,K11271
B6484,K68803
B6484,K66873
B6484,K53613
B6486,K66537
B6487,K60485
B6494,K64024
B6501,K5956
B6502,K66438
B6502,K70661
B6502,K18462
B6504,K40668
B6504,K48447
B6510,K4733
B6510,K1998
B6515,K57077
B6525,K47208
B6526,K2438
B6527,K18790
B6528,K4410
B6529,K66268
B6533,K18379
B6533,K5374
B6535,K18413
B6537,K18730
B6540,K342
B6543,K16815
B6544,K6366
B6544,K58033
B6544,K34407
B6544,K59009
B6544,K123
B6558,K4538
B6558,K18562
B6558,K71100
B6558,K25773
B6560,K45812
B6561,K57032
B6563,K47240
B6563,K24961
B6565,K3800
B6567,K62496
B6569,K21914
B6569,K62498
B6569,K34902
B6569,K70204
B6569,K20910
B6573,K11968
B6575,K62498
B6575,K67673
B6575,K14994
B6575,K59448
B6579,K60486
B6582,K20604
B6585,K38540
B6585,K25257
B6586,K15650
B6590,K11597
B6590,K48325
B6592,K58885
B6592,K46560
B6592,K66787
B6592,K71545
B6597,K11139
B6602,K3128
B6602,K15726
B6608,K19760
B6608,K69249
B6613,K19633
B6613,K30877
B6613,K70924
B6616,K18019
B6619,K33834
B6619,K70741
B6622,K22454
B6622,K19779
B6624,K34657
B6631,K23710
B6631,K47109
B6632,K23710
B6632,K47109
B6642,K21385
B6644,K49721
B6644,K49286
B6646,K18379
B6646,K1770
B6649,K65853
B6651,K59068
B6654,K68056
B6654,K61186
B6654,K67620
B6655,K68056
B6655,K61186
B6655,K67620
B6659,K34350
B6659,K66268
B6659,K69805
B6661,K62143
B6665,K22293
B6666,K18797
B6669,K61186
B6669,K21620
B6669,K11786
B6671,K4698
B6672,K17010
B6674,K65688
B6677,K4698
B6679,K23746
B6680,K9722
B6680,K62534
B6680,K47919
B6684,K23068
B6685,K14811
B6691,K15835
B6692,K17808
B6693,K60298
B6693,K20130
B6696,K13840
B6699,K70788
B6702,K19750
B6706,K32277
B6709,K15774
B6712,K31560
B6716,K69780
B6718,K18413
B6719,K67070
B6724,K70037
B6726,K26456
B6726,K18733
B6726,K40587
B6726,K45030
B6726,K40397
B6728,K8367
B6728,K7282
B6730,K18416
B6732,K18733
B6733,K30658
B6736,K12960
B6737,K12960
B6739,K12960
B6740,K67350
B6742,K70361
B6742,K21373
B6749,K18782
B6749,K18413
B6752,K67001
B6752,K49663
B6755,K11780
B6757,K60281
B6757,K14325
B6759,K18651
B6759,K10245
B6759,K4799
B6761,K68616
B6762,K62259
B6766,K24050
B6773,K22295
B6773,K27944
B6778,K14687
B6778,K18337
B6778,K49624
B6782,K70131
B6782,K3704
B6782,K3705
B6783,K9470
B6786,K66438
B6786,K56994
B6786,K70661
B6786,K18485
B6788,K25544
B6791,K48461
B6800,K26743
B6801,K48755
B6802,K25169
B6808,K50019
B6812,K48508
B6815,K65988
B6815,K46091
B6815,K53864
B6816,K12648
B6818,K48556
B6825,K48842
B6826,K70078
B6826,K46845
B6831,K70078
B6833,K51808
B6833,K50538
B6833,K50540
B6838,K49286
B6839,K70014
B6839,K65555
B6839,K38112
B6839,K5284
B6845,K4574
B6848,K59587
B6848,K34322
B6848,K45978
B6848,K11608
B6850,K66430
B6850,K27828
B6850,K34411
B6851,K49829
B6851,K54050
B6855,K48684
B6859,K19180
B6862,K54731
B6869,K31203
B6869,K50060
B6875,K19006
B6879,K22586
B6879,K47572
B6879,K67172
B6880,K65410
B6883,K56375
B6886,K53183
B6887,K46382
B6889,K69762
B6889,K3401
B6890,K11084
B6898,K53011
B6903,K2068
B6908,K51699
B6910,K32615
B6911,K48798
B6914,K51088
B6915,K55114
B6915,K48791
B6915,K512
B6919,K51333
B6923,K51240
B6924,K28622
B6928,K30200
B6928,K14125
B6928,K27343
B6928,K5632
B6928,K59628
B6928,K34117
B6929,K52167
B6929,K27884
B6933,K50576
B6934,K33785
B6942,K49820
B6942,K50752
B6947,K48837
B6948,K56349
B6950,K11597
B6951,K48984
B6952,K10747
B6957,K46691
B6957,K19690
B6957,K19652
B6959,K27286
B6960,K52300
B6966,K48508
B6968,K70853
B6970,K11597
B6977,K48780
B6982,K57105
B6982,K14367
B6982,K61209
B6997,K22812
B6997,K48736
B6999,K67218
B6999,K52768
B6999,K48850
B7001,K36144
B7001,K39165
B7002,K46425
B7002,K22472
B7002,K33241
B7002,K68502
B7002,K61297
B7004,K53039
B7005,K46585
B7005,K56964
B7005,K19113
B7007,K34695
B7007,K48789
B7010,K63957
B7010,K48974
B7015,K65555
B7015,K48991
B7018,K69343
B7018,K70214
B7020,K63518
B7020,K23173
B7021,K16874
B7025,K46667
B7026,K2288
B7026,K65365
B7035,K49027
B7047,K69054
B7051,K48055
B7052,K15862
B7058,K18689
B7058,K49116
B7059,K55813
B7059,K49395
B7060,K26002
B7060,K53472
B7069,K14440
B7070,K53364
B7072,K54437
B7073,K54437
B7074,K54437
B7077,K30234
B7077,K33783
B7079,K50487
B7084,K50943
B7087,K10554
B7087,K5675
B7087,K10604
B7087,K10872
B7090,K53947
B7091,K53641
B7094,K49651
B7095,K66514
B7096,K40175
B7097,K55933
B7098,K52976
B7098,K51317
B7098,K9806
B7098,K71436
B7098,K2597
B7100,K53898
B7102,K53862
B7105,K50557
B7105,K51425
B7106,K51808
B7106,K50031
B7111,K12612
B7111,K49487
B7112,K23801
B7112,K50996
B7113,K23801
B7113,K50996
B7114,K49905
B7114,K51057
B7114,K51333
B7119,K49905
B7120,K49905
B7121,K49905
B7124,K48345
B7125,K48826
B7130,K5400
B7131,K50204
B7132,K50204
B7136,K49638
B7137,K54731
B7141,K52321
B7142,K54387
B7142,K3122
B7148,K49746
B7153,K17891
B7153,K54787
B7159,K54668
B7163,K50270
B7164,K50270
B7166,K19935
B7166,K51174
B7167,K52341
B7169,K71611
B7169,K53699
B7176,K5000
B7176,K67133
B7176,K67133
B7176,K5000
B7179,K54263
B7179,K54277
B7179,K54034
B7181,K24325
B7182,K24325
B7184,K53994
B7184,K58740
B7186,K7188
B7186,K25234
B7196,K46917
B7196,K25069
B7209,K54384
B7210,K54384
B7214,K12489
B7214,K67046
B7219,K56375
B7220,K56375
B7223,K49091
B7225,K4930
B7232,K49352
B7232,K48969
B7236,K9703
B7237,K28552
B7239,K65410
B7242,K4377
B7243,K49385
B7245,K4226
B7245,K4495
B7245,K5649
B7247,K7188
B7247,K2274
B7254,K22586
B7258,K44395
B7259,K62600
B7259,K60894
B7259,K49383
B7259,K59009
B7259,K123
B7265,K55091
B7268,K45496
B7269,K69183
B7269,K53526
B7269,K20373
B7269,K53526
B7269,K53898
B7275,K48755
B7275,K4538
B7276,K28275
B7281,K70051
B7281,K65156
B7281,K49486
B7294,K48980
B7294,K31731
B7294,K71532
B7294,K49490
B7299,K62881
B7301,K49539
B7308,K56458
B7308,K23160
B7308,K59068
B7311,K67557
B7311,K4407
B7312,K67332
B7312,K67161
B7314,K66595
B7314,K59010
B7320,K21991
B7321,K45812
B7321,K35516
B7326,K51288
B7329,K61135
B7329,K59104
B7330,K12051
B7340,K50904
B7347,K69710
B7351,K5335
B7351,K55055
B7355,K18830
B7357,K5335
B7364,K53389
B7378,K12558
B7378,K63468
B7382,K21710
B7382,K67590
B7383,K62323
B7383,K60394
B7386,K65416
B7390,K48332
B7390,K11856
B7391,K11159
B7395,K5655
B7396,K50059
B7396,K28598
B7399,K69924
B7401,K49471
B7404,K52593
B7404,K29640
B7406,K55015
B7407,K4844
B7407,K44114
B7407,K59202
B7407,K1219
B7408,K55015
B7414,K46425
B7415,K54805
B7415,K67884
B7419,K68156
B7420,K68156
B7425,K46835
B7428,K17983
B7428,K32277
B7429,K27343
B7430,K55207
B7430,K55715
B7431,K54927
B7432,K66514
B7432,K30628
B7436,K66211
B7441,K55043
B7442,K2795
B7442,K5859
B7446,K28622
B7446,K11392
B7449,K66231
B7453,K67561
B7455,K65075
B7455,K58788
B7459,K33427
B7459,K31398
B7459,K5228
B7459,K23173
B7459,K68748
B7461,K55118
B7475,K17044
B7476,K27343
B7476,K27528
B7476,K4141
B7477,K66540
B7482,K44554
B7482,K18377
B7482,K27528
B7493,K64092
B7495,K55242
B7497,K49560
B7498,K57731
B7498,K66268
B7499,K56946
B7499,K30658
B7499,K17191
B7500,K55252
B7501,K53622
B7502,K53622
B7502,K53623
B7503,K55114
B7503,K48791
B7503,K512
B7503,K2518
B7504,K69192
B7505,K61302
B7512,K49697
B7512,K44819
B7513,K69815
B7514,K54838
B7516,K11238
B7517,K61280
B7517,K25392
B7518,K55111
B7518,K55022
B7519,K1547
B7519,K59772
B7519,K718
B7519,K51597
B7519,K46887
B7519,K1387
B7519,K46887
B7520,K18049
B7520,K57731
B7521,K49615
B7525,K68895
B7526,K24669
B7534,K12764
B7534,K64931
B7536,K45837
B7536,K10270
B7538,K15785
B7545,K18049
B7545,K26976
B7548,K45297
B7548,K19624
B7548,K54087
B7554,K21859
B7554,K61302
B7556,K21390
B7556,K17505
B7564,K67337
B7564,K67172
B7565,K28140
B7567,K32418
B7571,K28384
B7572,K28384
B7572,K4186
B7573,K70235
B7577,K20835
B7579,K49413
B7579,K56723
B7579,K51997
B7579,K55774
B7579,K1243
B7579,K49414
B7579,K3677
B7579,K11077
B7587,K11831
B7593,K17987
B7597,K62272
B7597,K61280
B7597,K7005
B7600,K49560
B7602,K10922
B7608,K20352
B7611,K17277
B7611,K57291
B7612,K27343
B7612,K66225
B7613,K53437
B7613,K8062
B7618,K54815
B7618,K17715
B7619,K61328
B7620,K66232
B7620,K27858
B7622,K25982
B7624,K65329
B7624,K25299
B7624,K30956
B7625,K65329
B7625,K25299
B7625,K30956
B7626,K54087
B7626,K52773
B7626,K52773
B7626,K11261
B7627,K63518
B7627,K23173
B7627,K1239
B7630,K30200
B7631,K53511
B7633,K53402
B7634,K53511
B7635,K67802
B7635,K68384
B7637,K54999
B7637,K38210
B7637,K48849
B7637,K38210
B7640,K59639
B7640,K10261
B7640,K21373
B7641,K39105
B7641,K35301
B7641,K61531
B7642,K15020
B7642,K21964
B7642,K1037
B7642,K10934
B7647,K72004
B7647,K53613
B7648,K49091
B7649,K66268
B7650,K49091
B7650,K43596
B7651,K46205
B7651,K5096
B7653,K54752
B7653,K63537
B7654,K54731
B7656,K54792
B7658,K53831
B7659,K18446
B7659,K49091
B7659,K12978
B7661,K61155
B7663,K31826
B7663,K58219
B7667,K24935
B7667,K63377
B7669,K31873
B7669,K56279
B7673,K849
B7673,K4997
B7673,K3966
B7675,K22108
B7675,K62905
B7675,K20831
B7682,K56994
B7682,K66396
B7686,K56349
B7688,K56375
B7692,K30850
B7694,K68695
B7695,K1449
B7695,K22521
B7696,K13746
B7696,K32033
B7696,K53684
B7697,K55237
B7697,K4844
B7704,K56423
B7706,K55022
B7706,K22108
B7714,K49560
B7718,K57109
B7718,K56813
B7719,K66195
B7719,K5696
B7721,K56530
B7721,K45587
B7725,K2662
B7728,K46325
B7728,K19579
B7731,K10410
B7733,K26247
B7733,K22122
B7733,K18950
B7733,K56375
B7733,K71545
B7734,K32277
B7734,K8426
B7734,K30519
B7736,K19750
B7736,K3672
B7736,K21724
B7737,K5363
B7738,K61862
B7738,K43815
B7740,K62272
B7743,K55499
B7743,K45925
B7745,K70533
B7749,K49560
B7751,K49560
B7754,K56459
B7754,K9940
B7757,K27172
B7757,K9921
B7757,K9929
B7758,K27343
B7760,K5632
B7765,K69020
B7768,K65089
B7773,K60330
B7783,K62762
B7783,K19180
B7786,K21606
B7789,K62272
B7789,K56624
B7789,K21606
B7789,K56618
B7792,K56619
B7795,K10759
B7795,K56670
B7796,K5237
B7797,K56468
B7797,K56308
B7802,K56816
B7802,K4495
B7807,K54805
B7807,K56510
B7808,K56676
B7808,K3979
B7808,K5134
B7809,K11296
B7812,K56723
B7813,K34902
B7813,K46441
B7813,K4374
B7813,K8508
B7827,K45272
B7827,K62047
B7829,K62605
B7831,K21952
B7831,K66537
B7831,K12229
B7832,K3201
B7833,K56914
B7833,K33480
B7833,K22751
B7836,K8674
B7836,K69987
B7836,K8934
B7838,K56930
B7838,K12589
B7845,K67822
B7847,K17108
B7848,K67721
B7848,K23268
B7848,K12763
B7849,K20831
B7851,K6803
B7853,K67721
B7853,K67315
B7855,K56970
B7857,K65075
B7858,K54026
B7858,K57899
B7860,K20942
B7862,K18354
B7863,K61056
B7863,K58776
B7863,K5165
B7866,K22373
B7868,K58280
B7868,K3312
B7876,K23426
B7876,K57730
B7876,K56804
B7876,K69957
B7876,K11238
B7880,K48818
B7880,K58753
B7884,K57081
B7887,K57258
B7888,K60717
B7888,K21952
B7888,K3175
B7888,K50019
B7888,K3175
B7889,K8427
B7893,K56723
B7893,K32380
B7897,K57098
B7900,K57997
B7901,K19447
B7901,K68016
B7903,K48803
B7903,K37518
B7903,K66031
B7903,K57899
B7905,K21898
B7914,K57845
B7918,K59655
B7918,K67538
B7919,K65687
B7923,K31801
B7926,K6699
B7926,K18949
B7928,K8540
B7928,K6982
B7933,K22108
B7935,K57125
B7937,K48690
B7937,K28205
B7943,K48600
B7945,K41535
B7949,K57241
B7949,K22159
B7951,K57255
B7954,K57252
B7958,K22856
B7961,K8426
B7961,K32277
B7961,K67972
B7965,K31504
B7967,K57268
B7967,K13741
B7969,K57268
B7969,K46609
B7969,K57287
B7969,K3559
B7971,K59387
B7975,K44462
B7975,K44480
B7976,K8674
B7978,K35296
B7980,K60135
B7980,K43562
B7980,K44532
B7980,K4266
B7981,K7712
B7981,K23505
B7983,K18771
B7987,K30304
B7988,K30305
B7989,K19371
B7989,K9940
B7989,K4495
B7991,K4495
B7991,K5649
B7991,K9940
B7995,K56816
B7996,K32154
B8003,K57360
B8008,K55252
B8011,K57394
B8011,K9550
B8014,K67265
B8014,K35356
B8015,K31748
B8018,K56798
B8019,K8674
B8027,K47853
B8027,K15240
B8027,K11850
B8031,K57001
B8031,K62762
B8031,K32073
B8031,K32076
B8031,K27823
B8031,K68506
B8033,K57712
B8040,K57817
B8040,K57000
B8042,K13133
B8042,K57819
B8044,K47582
B8044,K49091
B8049,K32277
B8049,K29289
B8049,K8426
B8050,K66551
B8053,K23505
B8054,K32165
B8055,K55055
B8057,K62656
B8060,K68925
B8065,K53862
B8067,K57291
B8070,K31121
B8070,K1065
B8071,K44956
B8071,K17898
B8071,K61361
B8076,K49016
B8077,K32576
B8079,K29956
B8079,K63379
B8080,K29956
B8080,K63379
B8084,K58172
B8085,K57050
B8085,K41062
B8089,K4979
B8091,K63379
B8091,K29956
B8094,K37115
B8097,K49352
B8102,K62853
B8103,K1396
B8103,K1993
B8104,K17262
B8107,K66364
B8113,K54660
B8115,K61302
B8116,K59253
B8116,K67558
B8119,K58219
B8121,K58219
B8128,K28585
B8133,K70256
B8133,K14965
B8138,K67878
B8144,K52773
B8144,K54087
B8146,K10154
B8148,K54292
B8149,K58328
B8150,K67561
B8155,K56693
B8157,K4410
B8158,K18493
B8161,K17421
B8164,K22344
B8167,K11672
B8170,K9940
B8170,K46585
B8170,K34119
B8171,K21872
B8177,K56459
B8179,K31145
B8179,K55015
B8179,K55043
B8180,K12688
B8180,K25139
B8181,K16560
B8181,K37768
B8181,K37956
B8182,K24601
B8183,K19672
B8188,K17421
B8190,K50270
B8194,K19150
B8195,K19150
B8197,K22592
B8197,K11150
B8197,K10235
B8197,K11265
B8200,K9715
B8205,K58602
B8205,K58824
B8205,K58330
B8208,K1443
B8208,K1449
B8211,K57465
B8214,K59466
B8214,K27584
B8217,K64011
B8223,K33963
B8223,K25734
B8223,K53515
B8223,K5195
B8232,K57032
B8232,K59161
B8232,K14499
B8232,K14224
B8242,K61959
B8245,K1449
B8245,K67636
B8254,K57824
B8256,K11392
B8256,K67337
B8259,K57394
B8268,K54815
B8268,K17975
B8269,K47549
B8271,K23023
B8275,K32033
B8277,K33301
B8277,K12273
B8277,K91
B8280,K57050
B8282,K58824
B8282,K1449
B8286,K61959
B8287,K29945
B8287,K46771
B8290,K17942
B8291,K48565
B8291,K2927
B8299,K58486
B8299,K19371
B8301,K58330
B8305,K57467
B8305,K18226
B8305,K30906
B8305,K63593
B8306,K2904
B8306,K57383
B8307,K53216
B8308,K53862
B8314,K29945
B8320,K11150
B8322,K33013
B8324,K33229
B8325,K58582
B8325,K22627
B8325,K1846
B8333,K58614
B8335,K58236
B8335,K58219
B8346,K2999
B8346,K53526
B8348,K70214
B8348,K68919
B8348,K56987
B8353,K58659
B8354,K5413
B8354,K58838
B8354,K17064
B8354,K22751
B8354,K56914
B8355,K29897
B8355,K19447
B8362,K58755
B8363,K62323
B8363,K12489
B8363,K61990
B8368,K18790
B8369,K1449
B8369,K67636
B8369,K69950
B8369,K58602
B8373,K46609
B8373,K46228
B8373,K3559
B8374,K58447
B8376,K30799
B8376,K23505
B8376,K58763
B8376,K30799
B8378,K10404
B8379,K45615
B8392,K31927
B8396,K40396
B8398,K68919
B8404,K33373
B8404,K4155
B8404,K67561
B8406,K45093
B8410,K34411
B8410,K27828
B8412,K8426
B8413,K58838
B8413,K62648
B8415,K46484
B8416,K58844
B8419,K32100
B8421,K6989
B8421,K6680
B8427,K69908
B8427,K70214
B8435,K60015
B8436,K49377
B8436,K58895
B8436,K64795
B8439,K46474
B8439,K58895
B8440,K56279
B8442,K11285
B8444,K60043
B8445,K60044
B8445,K62299
B8445,K55774
B8445,K47212
B8445,K59586
B8445,K58910
B8447,K58895
B8449,K11737
B8449,K24082
B8451,K58925
B8453,K69987
B8453,K11768
B8453,K22454
B8453,K64881
B8455,K61917
B8456,K59949
B8458,K60414
B8460,K5655
B8462,K24279
B8462,K9864
B8462,K9854
B8464,K13650
B8464,K58964
B8464,K14687
B8466,K60894
B8466,K12688
B8466,K8743
B8466,K35753
B8466,K6468
B8468,K17202
B8468,K66180
B8469,K66423
B8470,K58895
B8470,K60894
B8470,K19113
B8470,K56723
B8472,K1315
B8476,K60319
B8476,K61313
B8477,K60322
B8477,K64336
B8478,K32247
B8478,K64376
B8482,K56279
B8489,K28466
B8489,K68229
B8489,K27827
B8490,K61695
B8490,K61421
B8491,K60462
B8494,K63788
B8494,K11627
B8494,K45368
B8495,K59466
B8495,K68873
B8496,K4846
B8497,K68945
B8498,K52898
B8498,K59145
B8501,K59587
B8501,K61264
B8501,K60711
B8501,K62143
B8501,K9429
B8507,K59068
B8507,K19431
B8508,K7462
B8508,K8743
B8509,K59178
B8510,K64724
B8511,K59202
B8518,K22927
B8519,K60717
B8520,K60742
B8523,K22927
B8529,K25011
B8530,K33365
B8530,K21115
B8531,K55098
B8532,K1266
B8533,K62956
B8534,K22801
B8535,K61157
B8536,K30532
B8539,K66954
B8539,K57467
B8546,K58780
B8547,K54805
B8552,K68008
B8552,K31133
B8552,K60894
B8552,K32546
B8557,K59854
B8561,K59395
B8561,K11107
B8562,K61047
B8567,K19136
B8567,K48595
B8571,K22373
B8571,K48781
B8575,K19431
B8575,K59068
B8577,K11495
B8577,K49588
B8580,K60158
B8580,K61743
B8585,K4494
B8587,K11150
B8587,K62577
B8589,K70399
B8591,K3787
B8591,K1041
B8594,K1533
B8596,K61053
B8596,K9753
B8601,K11107
B8605,K67373
B8608,K66156
B8613,K67373
B8615,K59466
B8615,K68873
B8625,K61904
B8626,K61904
B8628,K11513
B8632,K695
B8633,K59534
B8634,K46771
B8634,K29945
B8634,K19447
B8635,K57105
B8637,K19349
B8642,K59559
B8643,K46602
B8643,K62425
B8645,K61421
B8646,K61036
B8646,K60344
B8649,K11558
B8649,K28081
B8649,K25337
B8651,K61443
B8656,K61274
B8658,K46334
B8658,K20263
B8658,K503
B8661,K68401
B8663,K58885
B8663,K46411
B8665,K62244
B8668,K9534
B8670,K55039
B8671,K56480
B8673,K61927
B8677,K59618
B8677,K29391
B8682,K18925
B8682,K18932
B8687,K65248
B8695,K33963
B8695,K47224
B8695,K47224
B8704,K30830
B8704,K66934
B8704,K30832
B8710,K10612
B8711,K59655
B8717,K9920
B8717,K56934
B8721,K48510
B8722,K11318
B8724,K54127
B8724,K33451
B8725,K59693
B8727,K54286
B8727,K62271
B8728,K11608
B8730,K5479
B8731,K22308
B8734,K59993
B8735,K11732
B8736,K18769
B8737,K60485
B8739,K69768
B8739,K2935
B8741,K5851
B8741,K6543
B8741,K4722
B8742,K60281
B8743,K7828
B8743,K7829
B8748,K27018
B8751,K24482
B8751,K30160
B8751,K864
B8757,K61747
B8758,K26484
B8758,K28604
B8759,K59754
B8760,K11036
B8762,K68502
B8764,K11660
B8766,K23505
B8770,K11859
B8774,K62102
B8774,K65883
B8778,K57098
B8783,K8674
B8783,K8934
B8786,K11672
B8787,K29947
B8787,K12996
B8789,K31592
B8789,K11659
B8790,K5198
B8792,K3199
B8793,K3201
B8794,K17875
B8794,K67886
B8799,K12200
B8799,K62274
B8799,K25385
B8799,K13932
B8800,K67736
B8800,K57439
B8800,K67557
B8804,K61959
B8806,K49560
B8806,K19371
B8811,K62244
B8815,K59380
B8815,K62253
B8817,K18490
B8818,K58910
B8818,K11933
B8819,K58997
B8826,K62498
B8826,K61720
B8827,K60167
B8827,K5393
B8829,K68945
B8833,K8684
B8836,K21946
B8836,K123
B8839,K60056
B8840,K55774
B8840,K61155
B8840,K60061
B8848,K45812
B8849,K58851
B8849,K10235
B8850,K40181
B8850,K65416
B8852,K67822
B8868,K23426
B8873,K34773
B8877,K61564
B8888,K41297
B8894,K8674
B8894,K5645
B8896,K32953
B8897,K15650
B8897,K33031
B8897,K61111
B8898,K3672
B8899,K12190
B8907,K11689
B8908,K62362
B8916,K61167
B8917,K63924
B8917,K21872
B8920,K51327
B8921,K46917
B8923,K49623
B8924,K62577
B8925,K14317
B8925,K24443
B8925,K52990
B8932,K24064
B8933,K13183
B8934,K57478
B8934,K67172
B8942,K27354
B8944,K4761
B8945,K46184
B8945,K33897
B8951,K63379
B8954,K5413
B8954,K58838
B8954,K12589
B8955,K46917
B8957,K4127
B8958,K9783
B8958,K14984
B8964,K2204
B8965,K16987
B8965,K18183
B8965,K34411
B8967,K9408
B8969,K12939
B8973,K1092
B8973,K13037
B8974,K1092
B8974,K13037
B8979,K35589
B8979,K41513
B8985,K60894
B8985,K57107
B8985,K65352
B8985,K6468
B8989,K16917
B8993,K53862
B8993,K11672
B8997,K62713
B8997,K12114
B9001,K15650
B9003,K64178
B9013,K62929
B9013,K67172
B9013,K17898
B9013,K12142
B9017,K35515
B9017,K47570
B9021,K56719
B9022,K45812
B9023,K58238
B9029,K18070
B9051,K59321
B9052,K11318
B9052,K25960
B9053,K33402
B9053,K12243
B9055,K58066
B9055,K49560
B9055,K4979
B9058,K48033
B9061,K58066
B9062,K62577
B9063,K26616
B9063,K1632
B9065,K62807
B9065,K6027
B9066,K54815
B9067,K62807
B9069,K21763
B9071,K14211
B9074,K26342
B9074,K8150
B9078,K60348
B9080,K47827
B9080,K10597
B9080,K54286
B9080,K10597
B9082,K56816
B9082,K3833
B9084,K26977
B9085,K34693
B9086,K56493
B9087,K58365
B9093,K45125
B9101,K66614
B9101,K68967
B9104,K9362
B9104,K20361
B9107,K61206
B9108,K28384
B9108,K12648
B9109,K61259
B9112,K62881
B9114,K54447
B9116,K8150
B9125,K3833
B9125,K56816
B9127,K32803
B9129,K12377
B9132,K13409
B9135,K61366
B9136,K22675
B9138,K66200
B9138,K39415
B9140,K11392
B9140,K62929
B9141,K17243
B9143,K16878
B9145,K62981
B9145,K55499
B9151,K64099
B9156,K47270
B9158,K36076
B9160,K55318
B9169,K52021
B9171,K2079
B9173,K52021
B9178,K32277
B9179,K44554
B9191,K45880
B9193,K1385
B9193,K47582
B9197,K19450
B9197,K12428
B9197,K12462
B9198,K65883
B9198,K57098
B9202,K5228
B9202,K9669
B9202,K3671
B9207,K8988
B9208,K66190
B9208,K68056
B9213,K1598
B9214,K14211
B9214,K70235
B9214,K11025
B9215,K14211
B9215,K70235
B9215,K11025
B9216,K11170
B9218,K61711
B9218,K66877
B9223,K33834
B9229,K4266
B9230,K23536
B9230,K67797
B9230,K213
B9231,K61752
B9234,K48798
B9235,K59618
B9236,K14212
B9240,K28119
B9240,K5686
B9241,K62656
B9242,K60887
B9242,K21370
B9242,K16945
B9243,K17247
B9243,K45272
B9247,K63125
B9248,K12144
B9248,K55237
B9256,K19113
B9256,K33278
B9257,K52795
B9257,K67574
B9258,K54447
B9258,K54339
B9259,K49252
B9259,K67046
B9259,K60276
B9259,K57478
B9262,K20127
B9266,K66235
B9266,K59720
B9266,K65760
B9266,K9625
B9267,K46494
B9267,K52244
B9269,K41513
B9269,K37273
B9271,K30418
B9271,K63191
B9272,K30363
B9273,K63409
B9274,K44997
B9276,K59976
B9284,K15762
B9284,K1396
B9289,K6777
B9295,K54554
B9296,K54554
B9297,K4990
B9301,K14211
B9301,K68876
B9301,K6777
B9302,K14211
B9302,K68876
B9302,K6777
B9306,K63935
B9306,K11087
B9310,K25006
B9313,K59380
B9314,K62219
B9314,K19701
B9315,K13451
B9315,K30443
B9316,K66233
B9320,K60243
B9326,K60350
B9326,K64044
B9327,K5788
B9328,K10934
B9329,K46168
B9329,K5237
B9329,K2169
B9330,K9614
B9335,K42438
B9335,K24961
B9335,K9437
B9340,K27828
B9340,K12489
B9340,K62323
B9340,K67046
B9342,K10444
B9343,K17184
B9343,K63194
B9348,K13559
B9348,K57268
B9348,K884
B9350,K67311
B9352,K64103
B9352,K61361
B9354,K64044
B9355,K59553
B9356,K59553
B9357,K68423
B9358,K67620
B9359,K11832
B9359,K3250
B9359,K60034
B9359,K16068
B9360,K32546
B9360,K31133
B9362,K59486
B9363,K39381
B9364,K32980
B9364,K17197
B9366,K61056
B9367,K9711
B9367,K62143
B9369,K61135
B9369,K20263
B9377,K56279
B9377,K9703
B9377,K31190
B9383,K61117
B9386,K64207
B9388,K38885
B9395,K1385
B9395,K5782
B9395,K61361
B9395,K64103
B9395,K1021
B9395,K3495
B9397,K62929
B9397,K11392
B9397,K67172
B9400,K61426
B9404,K2020
B9405,K5374
B9406,K20032
B9407,K25821
B9408,K66947
B9408,K4709
B9409,K61501
B9409,K43825
B9412,K24601
B9416,K11831
B9420,K33204
B9423,K61847
B9423,K413
B9423,K3444
B9426,K59192
B9427,K40835
B9427,K39592
B9437,K50045
B9443,K18885
B9443,K33334
B9444,K65744
B9447,K20130
B9448,K18423
B9449,K15833
B9449,K32556
B9454,K31016
B9454,K21182
B9456,K5731
B9456,K52795
B9459,K38885
B9460,K144
B9460,K13424
B9460,K10642
B9461,K48595
B9462,K62235
B9463,K15833
B9464,K64531
B9465,K5374
B9466,K58335
B9467,K28067
B9467,K34032
B9469,K55813
B9469,K62053
B9469,K66998
B9469,K45599
B9473,K17202
B9476,K12230
B9476,K23442
B9479,K38885
B9480,K11927
B9482,K67809
B9483,K57383
B9484,K14811
B9485,K20032
B9485,K43825
B9485,K44652
B9486,K20032
B9486,K43825
B9486,K44652
B9488,K32925
B9491,K59712
B9491,K57047
B9491,K34322
B9493,K62323
B9493,K12489
B9494,K56317
B9494,K19440
B9495,K62272
B9495,K13976
B9497,K1073
B9497,K31477
B9498,K46887
B9502,K50852
B9503,K57268
B9507,K61663
B9508,K22246
B9508,K22248
B9511,K49413
B9512,K13409
B9514,K65537
B9515,K62108
B9515,K23160
B9515,K21115
B9515,K21092
B9517,K69956
B9517,K65540
B9519,K12643
B9521,K7018
B9522,K53389
B9524,K12480
B9524,K7191
B9526,K48974
B9526,K48977
B9527,K12480
B9528,K10726
B9531,K61313
B9532,K13767
B9534,K21859
B9534,K37284
B9534,K38257
B9534,K28518
B9536,K15062
B9537,K42752
B9540,K60097
B9540,K60557
B9540,K1779
B9542,K58297
B9543,K68431
B9543,K68327
B9546,K12643
B9547,K67257
B9548,K25982
B9548,K65233
B9548,K70559
B9548,K20166
B9550,K60350
B9550,K64044
B9551,K48535
B9552,K17957
B9556,K69728
B9562,K52795
B9564,K64147
B9564,K56999
B9567,K63930
B9571,K26932
B9571,K9472
B9574,K62235
B9576,K66537
B9577,K67621
B9577,K68588
B9578,K28387
B9579,K64176
B9579,K47700
B9583,K43992
B9583,K69173
B9583,K12489
B9586,K2650
B9587,K7712
B9587,K33231
B9590,K60043
B9598,K64247
B9598,K22295
B9605,K46432
B9606,K62600
B9606,K64326
B9606,K60894
B9610,K46432
B9610,K64553
B9612,K4516
B9615,K12544
B9615,K849
B9617,K36683
B9617,K26764
B9617,K42593
B9618,K18036
B9618,K67311
B9618,K3677
B9618,K70201
B9621,K39194
B9621,K35393
B9622,K64316
B9629,K58950
B9629,K12310
B9630,K70214
B9631,K12480
B9631,K60322
B9631,K11576
B9633,K64170
B9633,K64112
B9633,K5731
B9634,K58362
B9634,K17713
B9645,K67620
B9645,K59655
B9647,K65760
B9649,K12688
B9651,K12691
B9653,K64151
B9661,K68425
B9661,K68431
B9662,K12640
B9665,K27326
B9668,K12736
B9669,K63524
B9669,K51901
B9671,K14952
B9671,K67792
B9671,K59634
B9675,K63530
B9679,K69928
B9679,K64443
B9679,K54888
B9679,K899
B9680,K19094
B9684,K3797
B9685,K43414
B9687,K3787
B9687,K1041
B9689,K63196
B9692,K6913
B9693,K67583
B9695,K23505
B9695,K163
B9695,K5512
B9695,K5645
B9695,K10637
B9695,K11268
B9697,K64626
B9698,K64544
B9698,K71155
B9700,K68177
B9701,K26129
B9703,K12269
B9704,K46432
B9705,K64563
B9707,K10565
B9707,K64575
B9709,K30161
B9709,K13119
B9713,K62496
B9716,K28823
B9717,K66149
B9719,K66085
B9720,K66093
B9721,K14643
B9721,K22203
B9722,K59262
B9722,K20263
B9722,K60717
B9724,K15833
B9734,K24111
B9739,K69049
B9739,K7966
B9742,K49829
B9747,K6742
B9748,K62542
B9748,K60164
B9748,K60764
B9749,K71569
B9753,K25392
B9755,K64921
B9755,K61361
B9755,K64103
B9756,K66149
B9760,K71569
B9762,K49538
B9765,K4979
B9765,K55774
B9770,K64931
B9770,K9631
B9775,K71996
B9775,K36044
B9775,K9669
B9776,K33963
B9776,K57804
B9776,K47224
B9779,K33328
B9781,K12346
B9781,K17482
B9782,K7502
B9786,K69420
B9786,K29746
B9790,K59789
B9791,K65197
B9794,K69327
B9796,K22472
B9797,K65883
B9801,K65087
B9803,K65075
B9805,K46669
B9808,K12996
B9808,K12381
B9813,K67300
B9813,K10735
B9815,K3818
B9827,K65141
B9827,K4979
B9829,K32380
B9830,K20831
B9830,K34773
B9837,K3371
B9837,K55774
B9840,K68045
B9845,K66701
B9846,K68406
B9851,K12381
B9852,K23755
B9854,K66549
B9854,K70230
B9855,K71532
B9855,K61237
B9859,K67651
B9859,K49490
B9859,K48980
B9859,K31731
B9859,K3671
B9859,K71532
B9859,K48980
B9861,K65357
B9863,K30234
B9863,K29128
B9872,K65376
B9874,K69768
B9877,K69985
B9880,K49447
B9880,K65614
B9883,K11429
B9885,K5284
B9885,K29126
B9885,K5400
B9887,K48984
B9888,K36884
B9888,K41069
B9889,K36884
B9889,K41069
B9892,K33855
B9894,K67972
B9894,K9550
B9896,K55110
B9899,K65352
B9899,K60894
B9900,K43772
B9907,K5355
B9907,K9753
B9908,K69311
B9908,K67076
B9911,K11354
B9912,K65420
B9913,K65438
B9914,K30882
B9920,K48854
B9922,K66156
B9922,K55774
B9925,K4573
B9926,K11949
B9927,K70014
B9928,K65444
B9930,K34350
B9930,K32277
B9931,K65557
B9933,K66877
B9936,K1517
B9936,K30586
B9937,K66225
B9937,K22586
B9937,K49383
B9938,K61339
B9939,K42947
B9939,K5859
B9943,K13133
B9943,K31293
B9947,K65613
B9949,K65614
B9952,K61302
B9952,K14125
B9952,K30200
B9952,K30370
B9952,K34117
B9952,K34789
B9952,K65622
B9953,K61302
B9953,K14125
B9953,K30200
B9953,K30370
B9953,K34117
B9953,K34789
B9953,K65622
B9954,K27143
B9954,K30834
B9954,K4173
B9955,K65623
B9962,K65652
B9965,K12587
B9965,K32380
B9968,K66934
B9969,K26826
B9969,K57886
B9969,K66211
B9969,K66211
B9970,K26826
B9970,K28140
B9972,K32579
B9972,K55774
B9972,K66232
B9981,K33524
B9985,K56493
B9987,K13783
B9987,K49708
B9988,K14643
B9991,K56543
B9993,K27345
B9993,K6455
B9996,K46271
B9998,K49383
B9998,K47572
B9998,K22586
B10000,K24005
B10004,K67834
B10007,K12767
B10015,K33349
B10015,K65452
B10016,K65704
B10016,K61990
B10016,K49252
B10016,K12489
B10019,K66972
B10019,K4574
B10025,K6439
B10027,K65452
B10032,K65537
B10032,K51236
B10032,K30233
B10032,K5200
B10039,K13111
B10041,K66102
B10042,K65039
B10042,K70741
B10053,K65777
B10056,K572
B10059,K20831
B10060,K27325
B10061,K49560
B10062,K4470
B10062,K12640
B10063,K54805
B10065,K413
B10065,K28766
B10065,K67106
B10066,K413
B10066,K28766
B10066,K67106
B10074,K67926
B10074,K27898
B10080,K60887
B10080,K53515
B10085,K25506
B10085,K67465
B10086,K68053
B10088,K67287
B10090,K67350
B10091,K70840
B10092,K67692
B10092,K68305
B10093,K65438
B10098,K68357
B10098,K67409
B10098,K23587
B10098,K68630
B10103,K65396
B10103,K26290
B10103,K68053
B10104,K65883
B10107,K62484
B10108,K43575
B10108,K60172
B10118,K22303
B10119,K62842
B10120,K68193
B10127,K2115
B10127,K65914
B10130,K32652
B10135,K2935
B10138,K49538
B10142,K15065
B10143,K65926
B10144,K30200
B10144,K17108
B10145,K24387
B10146,K58280
B10146,K10373
B10146,K58280
B10146,K66701
B10148,K43008
B10148,K66073
B10148,K49023
B10148,K4141
B10151,K48803
B10156,K62990
B10157,K61990
B10157,K48980
B10157,K12489
B10157,K59628
B10163,K29947
B10165,K1998
B10165,K68982
B10166,K2023
B10166,K69009
B10166,K63468
B10166,K45812
B10168,K71648
B10168,K65682
B10170,K63184
B10173,K67350
B10173,K22586
B10174,K45965
B10176,K27394
B10176,K11754
B10177,K40440
B10177,K37285
B10182,K22454
B10185,K67088
B10188,K45812
B10188,K47829
B10192,K55182
B10192,K57340
B10194,K55055
B10194,K69009
B10195,K25663
B10198,K66621
B10208,K63468
B10208,K10369
B10214,K9803
B10220,K67080
B10222,K2835
B10227,K57304
B10229,K33365
B10229,K70029
B10230,K66239
B10232,K68817
B10238,K2300
B10240,K68848
B10240,K55008
B10240,K3989
B10241,K67172
B10248,K12114
B10248,K60348
B10256,K33427
B10256,K293
B10257,K30078
B10259,K68919
B10261,K11318
B10261,K569
B10261,K4930
B10263,K46602
B10264,K32999
B10264,K33275
B10265,K28312
B10267,K24669
B10268,K46778
B10269,K21620
B10274,K17750
B10275,K68966
B10278,K17482
B10280,K66625
B10282,K68982
B10282,K70559
B10286,K69054
B10290,K33754
B10290,K503
B10290,K6999
B10290,K36649
B10290,K42500
B10293,K33108
B10293,K67782
B10296,K13424
B10298,K32165
B10298,K33163
B10298,K67373
B10300,K32277
B10302,K2721
B10304,K11036
B10307,K2721
B10307,K2721
B10309,K59395
B10310,K6366
B10312,K69004
B10312,K69040
B10313,K48803
B10314,K51161
B10317,K69049
B10318,K3689
B10318,K33304
B10320,K22454
B10322,K47570
B10322,K49708
B10325,K18062
B10326,K71545
B10326,K34524
B10329,K32673
B10329,K22749
B10329,K66981
B10329,K11672
B10329,K9625
B10332,K10841
B10332,K10954
B10334,K67046
B10334,K5228
B10334,K9669
B10334,K293
B10334,K2818
B10334,K3487
B10337,K52474
B10347,K12383
B10350,K22854
B10350,K5360
B10351,K49663
B10351,K18049
B10352,K69004
B10352,K26785
B10354,K6468
B10357,K20352
B10358,K48877
B10360,K69140
B10361,K49413
B10363,K53483
B10366,K69164
B10366,K10239
B10369,K46887
B10371,K69173
B10371,K22997
B10371,K45813
B10371,K12573
B10374,K17685
B10382,K67172
B10382,K22586
B10382,K5272
B10383,K48689
B10385,K66133
B10386,K69702
B10387,K29126
B10387,K1412
B10388,K66163
B10389,K31334
B10390,K33283
B10390,K63518
B10390,K69940
B10392,K66166
B10393,K66179
B10399,K7966
B10399,K69049
B10400,K70114
B10400,K55015
B10401,K55019
B10406,K54045
B10406,K25944
B10406,K30195
B10409,K66215
B10409,K66200
B10409,K30200
B10409,K25851
B10410,K66219
B10413,K30200
B10413,K25851
B10414,K70123
B10414,K66232
B10414,K49023
B10414,K9921
B10414,K65883
B10414,K30200
B10419,K1408
B10420,K19204
B10420,K48446
B10420,K28466
B10421,K67046
B10421,K9669
B10421,K2818
B10421,K5228
B10422,K66219
B10423,K21932
B10423,K48879
B10425,K29028
B10425,K24778
B10426,K63468
B10427,K24778
B10430,K69400
B10431,K52578
B10431,K56644
B10433,K21912
B10437,K59628
B10437,K1534
B10438,K22521
B10438,K33153
B10438,K58330
B10440,K62496
B10440,K3266
B10442,K68873
B10444,K8540
B10444,K67535
B10446,K17970
B10446,K60330
B10446,K9550
B10448,K61274
B10449,K64247
B10449,K8885
B10450,K27658
B10450,K66944
B10452,K62498
B10456,K66163
B10458,K18677
B10458,K66701
B10461,K57544
B10461,K23746
B10461,K25762
B10461,K57886
B10462,K68902
B10463,K63518
B10463,K57822
B10463,K1239
B10463,K1865
B10464,K66614
B10467,K12703
B10467,K19431
B10470,K29196
B10472,K61484
B10472,K62771
B10476,K19398
B10476,K5433
B10476,K2265
B10478,K33013
B10478,K10239
B10480,K48837
B10482,K66701
B10482,K6751
B10482,K56279
B10483,K69342
B10484,K9550
B10486,K66721
B10486,K58838
B10486,K12443
B10486,K5413
B10486,K50970
B10488,K46993
B10489,K22454
B10489,K58824
B10489,K68177
B10491,K18019
B10493,K68874
B10495,K56375
B10495,K67083
B10496,K13048
B10497,K59448
B10497,K64604
B10498,K54613
B10498,K1387
B10501,K2650
B10501,K58365
B10501,K23012
B10505,K16373
B10505,K65444
B10505,K26430
B10505,K61660
B10505,K61484
B10508,K69405
B10510,K68803
B10510,K34605
B10510,K14902
B10510,K38
B10513,K9534
B10513,K40698
B10513,K65404
B10517,K34322
B10518,K70788
B10518,K48842
B10519,K70080
B10521,K3175
B10521,K48803
B10523,K48974
B10526,K66954
B10526,K46778
B10526,K4223
B10526,K4919
B10531,K48676
B10531,K34512
B10534,K67046
B10534,K67216
B10534,K9803
B10535,K28789
B10536,K66806
B10537,K60711
B10545,K67006
B10545,K49383
B10546,K4470
B10547,K67008
B10548,K8486
B10549,K66721
B10549,K5413
B10550,K31016
B10551,K67088
B10552,K69400
B10552,K65410
B10552,K69104
B10554,K69416
B10555,K67046
B10556,K67070
B10557,K62198
B10557,K49565
B10561,K31145
B10565,K57241
B10565,K19033
B10565,K49683
B10565,K28766
B10566,K6326
B10567,K67172
B10567,K5272
B10569,K14125
B10569,K34789
B10570,K58824
B10571,K68061
B10571,K68050
B10571,K28227
B10571,K60151
B10575,K2999
B10575,K53526
B10591,K44956
B10591,K4266
B10591,K57050
B10597,K65875
B10597,K65853
B10599,K4736
B10600,K69247
B10600,K68191
B10601,K68748
B10601,K31416
B10602,K34838
B10602,K6777
B10602,K56723
B10604,K67234
B10604,K68653
B10604,K3852
B10604,K8743
B10606,K66232
B10609,K49459
B10610,K19804
B10610,K56727
B10610,K68096
B10612,K68803
B10612,K60711
B10613,K25054
B10613,K26953
B10613,K43110
B10613,K70922
B10614,K69714
B10614,K9449
B10614,K69702
B10615,K47291
B10615,K69717
B10615,K68048
B10616,K22368
B10621,K55692
B10622,K70178
B10624,K69747
B10626,K58936
B10626,K338
B10629,K57464
B10631,K13767
B10631,K50348
B10632,K69954
B10633,K69954
B10637,K61847
B10637,K43992
B10637,K61847
B10637,K45813
B10637,K4100
B10638,K70114
B10638,K55015
B10639,K33785
B10641,K69768
B10645,K1219
B10646,K44587
B10646,K44692
B10649,K33247
B10652,K1289
B10653,K69987
B10655,K69766
B10655,K59634
B10657,K48454
B10658,K4545
B10658,K4538
B10659,K5095
B10659,K33603
B10661,K56476
B10661,K54999
B10663,K69400
B10663,K69104
B10664,K18062
B10664,K12105
B10665,K9803
B10666,K27756
B10667,K12688
B10667,K59466
B10669,K28351
B10669,K69977
B10671,K56583
B10673,K69311
B10680,K48687
B10686,K15191
B10686,K15186
B10690,K62985
B10690,K34116
B10694,K45812
B10696,K70214
B10696,K68919
B10699,K12652
B10704,K69977
B10705,K70559
B10707,K20842
B10707,K16651
B10708,K20910
B10723,K69104
B10723,K56375
B10723,K10253
B10727,K70040
B10734,K4249
B10736,K33644
B10736,K2274
B10736,K3953
B10740,K30519
B10741,K64838
B10741,K4155
B10742,K57171
B10746,K13762
B10748,K46501
B10748,K2169
B10749,K70051
B10751,K9921
B10751,K9929
B10752,K64326
B10752,K71569
B10752,K23787
B10754,K43339
B10754,K37257
B10759,K69987
B10759,K22454
B10759,K67606
B10760,K21687
B10766,K12489
B10766,K62323
B10767,K64921
B10769,K71131
B10769,K4083
B10770,K65620
B10771,K70056
B10773,K2438
B10776,K68639
B10781,K12552
B10784,K69987
B10786,K69411
B10786,K63425
B10789,K69377
B10792,K27215
B10793,K70230
B10794,K11036
B10795,K70056
B10797,K67133
B10797,K52861
B10801,K61711
B10801,K66877
B10801,K67727
B10805,K27344
B10805,K48565
B10808,K34228
B10808,K60004
B10809,K60276
B10809,K19882
B10809,K4374
B10809,K6468
B10812,K32380
B10812,K64222
B10813,K54274
B10813,K27227
B10816,K13177
B10817,K70214
B10817,K68919
B10818,K1167
B10820,K52664
B10822,K49487
B10826,K68406
B10826,K60894
B10826,K57284
B10826,K3671
B10826,K2995
B10827,K69783
B10829,K64365
B10834,K10406
B10836,K46917
B10836,K65128
B10836,K64522
B10836,K30520
B10836,K3471
B10836,K3257
B10836,K3298
B10840,K70178
B10852,K13976
B10853,K70214
B10858,K64326
B10858,K69977
B10858,K70571
B10858,K18517
B10858,K18519
B10858,K62152
B10860,K3797
B10861,K70230
B10861,K70097
B10863,K27235
B10863,K26430
B10863,K4969
B10865,K67660
B10869,K13612
B10870,K13612
B10873,K4709
B10874,K4266
B10874,K10441
B10879,K19684
B10881,K70361
B10882,K70367
B10883,K47621
B10889,K19939
B10892,K20334
B10893,K70414
B10900,K55111
B10901,K4410
B10901,K67234
B10903,K31416
B10903,K59434
B10904,K2662
B10907,K25238
B10907,K239
B10907,K53526
B10907,K10669
B10909,K45587
B10909,K27217
B10909,K5240
B10909,K19581
B10910,K10373
B10915,K20297
B10916,K3559
B10916,K17010
B10916,K1725
B10923,K20373
B10923,K53526
B10933,K12480
B10934,K12979
B10934,K71545
B10934,K28279
B10934,K58885
B10936,K849
B10937,K27574
B10937,K31104
B10938,K27574
B10938,K31104
B10939,K64103
B10941,K70584
B10941,K26593
B10943,K13294
B10944,K10681
B10944,K49750
B10948,K18190
B10948,K28766
B10948,K60165
B10957,K45978
B10957,K34322
B10957,K21199
B10957,K12489
B10957,K62323
B10957,K11608
B10957,K3487
B10957,K59587
B10957,K1865
B10957,K3671
B10962,K68053
B10964,K69249
B10966,K70594
B10968,K70670
B11001,K69249
B11003,K26977
B11004,K26977
B11009,K20447
B11009,K51300
B11018,K47861
B11023,K40020
B11023,K17915
B11028,K22749
B11033,K12474
B11035,K70739
B11035,K49012
B11039,K53835
B11039,K49012
B11039,K70739
B11039,K59070
B11040,K11296
B11043,K70762
B11045,K22243
B11045,K48974
B11051,K2431
B11051,K19441
B11051,K70788
B11056,K70800
B11058,K70051
B11058,K1862
B11062,K70808
B11064,K62323
B11064,K9669
B11067,K18797
B11078,K10735
B11080,K18981
B11080,K13932
B11083,K10373
B11086,K60713
B11086,K13798
B11105,K12480
B11105,K12482
B11105,K70509
B11108,K16871
B11111,K55060
B11120,K22868
B11123,K70911
B11130,K70924
B11130,K30877
B11132,K26923
B11135,K11170
B11138,K70947
B11152,K764
B11167,K58848
B11171,K69336
B11171,K4248
B11176,K18782
B11176,K4499
B11182,K69987
B11189,K54999
B11189,K4733
B11189,K2030
B11189,K10473
B11193,K20566
B11195,K71140
B11199,K48209
B11200,K48209
B11201,K48209
B11201,K54984
B11201,K744